Dataset,Precision,Recall,Accuracy,F1,Runtime,xbc__objective,xbc__use_label_encoder,xbc__base_score,xbc__booster,xbc__colsample_bylevel,xbc__colsample_bynode,xbc__colsample_bytree,xbc__enable_categorical,xbc__gamma,xbc__gpu_id,xbc__importance_type,xbc__interaction_constraints,xbc__learning_rate,xbc__max_delta_step,xbc__max_depth,xbc__min_child_weight,xbc__missing,xbc__monotone_constraints,xbc__n_estimators,xbc__n_jobs,xbc__num_parallel_tree,xbc__predictor,xbc__random_state,xbc__reg_alpha,xbc__reg_lambda,xbc__scale_pos_weight,xbc__subsample,xbc__tree_method,xbc__validate_parameters,xbc__verbosity
fc_valid_lb_none,0.9369175291528122,0.9563582339012954,0.9369175291528122,0.9106744180905856,873.0036821365356,binary:logistic,True,0.5,gbtree,1,1,1,False,0,-1,None,,0.300000012,0,6,1,nan,"(1,0)",100,8,1,auto,42,0,1,1,1,auto,1,None
fc_valid_lb_none,0.9382600415242198,0.9533404522029807,0.9382600415242198,0.9121560091508786,850.9801139831543,binary:logistic,True,0.5,gbtree,1,1,1,False,0,-1,None,,0.300000012,0,6,1,nan,(),100,8,1,auto,42,0,1,1,1,auto,1,None
fc_valid_lb_std,0.934622467771639,0.9517541826945358,0.934622467771639,0.9074479132144673,843.0920326709747,binary:logistic,True,0.5,gbtree,1,1,1,False,0,-1,None,,0.300000012,0,6,1,nan,(),100,8,1,auto,42,0,1,1,1,auto,1,None
fc_valid_lb_std,0.9363160771453112,0.9547275267815557,0.9363160771453112,0.9095265563295913,853.6238775253296,binary:logistic,True,0.5,gbtree,1,1,1,False,0,-1,None,,0.300000012,0,6,1,nan,(),100,8,1,auto,42,0,1,1,1,auto,1,None
fc_valid_lb_mm_0-1,0.9346780740648223,0.950032536952682,0.9346780740648223,0.9071501486840353,839.127432346344,binary:logistic,True,0.5,gbtree,1,1,1,False,0,-1,None,,0.300000012,0,6,1,nan,(),100,8,1,auto,42,0,1,1,1,auto,1,None
fc_valid_lb_mm_0-1,0.9354037848978827,0.9525673283011835,0.9354037848978827,0.9081177123820099,837.1131896972656,binary:logistic,True,0.5,gbtree,1,1,1,False,0,-1,None,,0.300000012,0,6,1,nan,"(1,0)",100,8,1,auto,42,0,1,1,1,auto,1,None
fc_valid_lb_mm_0-10,0.9363986827113671,0.9547943933908846,0.9363986827113671,0.9098830137773944,839.2970080375671,binary:logistic,True,0.5,gbtree,1,1,1,False,0,-1,None,,0.300000012,0,6,1,nan,"(1,0)",100,8,1,auto,42,0,1,1,1,auto,1,None
fc_valid_lb_mm_0-10,0.9358445777111444,0.9515320334261839,0.9358445777111444,0.9089135254988913,847.4036335945129,binary:logistic,True,0.5,gbtree,1,1,1,False,0,-1,None,,0.300000012,0,6,1,nan,(),100,8,1,auto,42,0,1,1,1,auto,1,None
fc_valid_lb_mm_0-100,0.9357793869779637,0.9523124739063877,0.9357793869779637,0.9089057622916343,835.7438514232635,binary:logistic,True,0.5,gbtree,1,1,1,False,0,-1,None,,0.300000012,0,6,1,nan,"(1,0)",100,8,1,auto,42,0,1,1,1,auto,1,None
fc_valid_lb_mm_0-100,0.9369711163153787,0.9536868616202603,0.9369711163153787,0.9101551198451028,835.0439100265503,binary:logistic,True,0.5,gbtree,1,1,1,False,0,-1,None,,0.300000012,0,6,1,nan,(),100,8,1,auto,42,0,1,1,1,auto,1,None
fc_valid_lb_mm_0-1000,0.9354395604395604,0.950814332247557,0.9354395604395604,0.9080929736456157,849.5269575119019,binary:logistic,True,0.5,gbtree,1,1,1,False,0,-1,None,,0.300000012,0,6,1,nan,"(1,0)",100,8,1,auto,42,0,1,1,1,hist,1,None
fc_valid_lb_mm_0-1000,0.9374121615290921,0.9508936883261963,0.9374121615290921,0.9106673204653859,876.561160326004,binary:logistic,True,0.5,gbtree,1,1,1,False,0,-1,None,,0.300000012,0,6,1,nan,"(1,0)",100,8,1,auto,42,0,1,1,1,auto,1,None
lr_valid_lb_none,0.933656735640079,0.9589685057649152,0.933656735640079,0.9276965256529021,1548.4466392993927,binary:logistic,True,0.5,gbtree,1,1,1,False,0,-1,None,,0.300000012,0,6,1,nan,(),100,8,1,auto,42,0,1,1,1,auto,1,None
lr_valid_lb_none,0.9333201696399444,0.9572285658989743,0.9333201696399444,0.9271982528330538,1540.9161746501923,binary:logistic,True,0.5,gbtree,1,1,1,False,0,-1,None,,0.300000012,0,6,1,nan,(),100,8,1,auto,42,0,1,1,1,auto,1,None
lr_valid_lb_std,0.9333230211314204,0.960435768701417,0.9333230211314204,0.9273848630335702,1542.7843165397644,binary:logistic,True,0.5,gbtree,1,1,1,False,0,-1,None,,0.300000012,0,6,1,nan,(),100,8,1,auto,42,0,1,1,1,auto,1,None
lr_valid_lb_std,0.9318377096508111,0.9624685138539043,0.9318377096508111,0.926052629125924,1554.0540347099304,binary:logistic,True,0.5,gbtree,1,1,1,False,0,-1,None,,0.300000012,0,6,1,nan,"(1,0)",100,8,1,auto,42,0,1,1,1,auto,1,None
lr_valid_lb_mm_0-1,0.9351710977590965,0.9583478834439142,0.9351710977590965,0.9290765469249578,1529.846073627472,binary:logistic,True,0.5,gbtree,1,1,1,False,0,-1,None,,0.300000012,0,6,1,nan,"(1,0)",100,8,1,auto,42,0,1,1,1,auto,1,None
lr_valid_lb_mm_0-1,0.9332623388668939,0.9571151984511133,0.9332623388668939,0.9271293404975571,1535.20956158638,binary:logistic,True,0.5,gbtree,1,1,1,False,0,-1,None,,0.300000012,0,6,1,nan,"(1,0)",100,8,1,auto,42,0,1,1,1,auto,1,None
lr_valid_lb_mm_0-10,0.9337269778060042,0.9585099177552008,0.9337269778060042,0.9276857956248128,1531.9203610420227,binary:logistic,True,0.5,gbtree,1,1,1,False,0,-1,None,,0.300000012,0,6,1,nan,(),100,8,1,auto,42,0,1,1,1,auto,1,None
lr_valid_lb_mm_0-10,0.9326532539907434,0.9560991697059051,0.9326532539907434,0.926296599099734,1553.8938467502594,binary:logistic,True,0.5,gbtree,1,1,1,False,0,-1,None,,0.300000012,0,6,1,nan,"(1,0)",100,8,1,auto,42,0,1,1,1,auto,1,None
lr_valid_lb_mm_0-100,0.9327937588067499,0.9584051765891083,0.9327937588067499,0.9267342312807928,1545.0960004329681,binary:logistic,True,0.5,gbtree,1,1,1,False,0,-1,None,,0.300000012,0,6,1,nan,"(1,0)",100,8,1,auto,42,0,1,1,1,auto,1,None
lr_valid_lb_mm_0-100,0.9335348210222638,0.9566995522648422,0.9335348210222638,0.9272865610234927,1545.9780921936035,binary:logistic,True,0.5,gbtree,1,1,1,False,0,-1,None,,0.300000012,0,6,1,nan,"(1,0)",100,8,1,auto,42,0,1,1,1,auto,1,None
lr_valid_lb_mm_0-1000,0.9351040807914263,0.9527655361199013,0.9351040807914263,0.9285112904293863,1542.155483007431,binary:logistic,True,0.5,gbtree,1,1,1,False,0,-1,None,,0.300000012,0,6,1,nan,"(1,0)",100,8,1,auto,42,0,1,1,1,auto,1,None
lr_valid_lb_mm_0-1000,0.9345538268571576,0.9502024840628572,0.9345538268571576,0.9279253708749621,1574.4065945148468,binary:logistic,True,0.5,gbtree,1,1,1,False,0,-1,None,,0.300000012,0,6,1,nan,(),100,8,1,auto,42,0,1,1,1,auto,1,None
fc_valid_lb_none,0.9365213182832967,0.9527321643937285,0.9365213182832967,0.9099326599326599,366.5971941947937,binary:logistic,True,0.5,gbtree,1,1,1,False,0,-1,gain,,0.300000012,0,6,1,nan,(),100,8,1,auto,42,0,1,1,1,auto,1,None
fc_valid_lb_none,0.9377078356985621,0.9561894108873975,0.9377078356985621,0.9113766602994092,362.60317873954773,binary:logistic,True,0.5,gbtree,1,1,1,False,0,-1,gain,,0.300000012,0,6,1,nan,(),100,8,1,auto,42,0,1,1,1,auto,1,None
fc_valid_lb_std,0.9354899115209963,0.9529439143588551,0.9354899115209963,0.9083004303269597,362.2556085586548,binary:logistic,True,0.5,gbtree,1,1,1,False,0,-1,gain,,0.300000012,0,6,1,nan,(),100,8,1,auto,42,0,1,1,1,auto,1,None
fc_valid_lb_std,0.9343578690905683,0.9512342522430385,0.9343578690905683,0.9068628537239347,360.9126913547516,binary:logistic,True,0.5,gbtree,1,1,1,False,0,-1,gain,,0.300000012,0,6,1,nan,(),100,8,1,auto,42,0,1,1,1,auto,1,None
fc_valid_lb_mm_0-1,0.9364685309226037,0.9516903707157846,0.9364685309226037,0.9093501459219819,362.14312767982483,binary:logistic,True,0.5,gbtree,1,1,1,False,0,-1,gain,,0.300000012,0,6,1,nan,(),100,8,1,auto,42,0,1,1,1,auto,1,None
fc_valid_lb_mm_0-1,0.9380279490982902,0.9548686962584244,0.9380279490982902,0.9119115786670218,359.96111392974854,binary:logistic,True,0.5,gbtree,1,1,1,False,0,-1,gain,,0.300000012,0,6,1,nan,(),100,8,1,auto,42,0,1,1,1,auto,1,None
fc_valid_lb_mm_0-10,0.9382984039728894,0.9523543644146659,0.9382984039728894,0.9119789694120792,360.92238879203796,binary:logistic,True,0.5,gbtree,1,1,1,False,0,-1,gain,,0.300000012,0,6,1,nan,(),100,8,1,auto,42,0,1,1,1,auto,1,None
fc_valid_lb_mm_0-10,0.9361466285732128,0.9536135077465442,0.9361466285732128,0.9095252842543026,365.55518794059753,binary:logistic,True,0.5,gbtree,1,1,1,False,0,-1,gain,,0.300000012,0,6,1,nan,(),100,8,1,auto,42,0,1,1,1,auto,1,None
fc_valid_lb_mm_0-100,0.9371926373471968,0.9529269202087994,0.9371926373471968,0.9104308137593233,360.5849173069,binary:logistic,True,0.5,gbtree,1,1,1,False,0,-1,gain,,0.300000012,0,6,1,nan,(),100,8,1,auto,42,0,1,1,1,auto,1,None
fc_valid_lb_mm_0-100,0.9381975990883404,0.9539904359533868,0.9381975990883404,0.9121296193541228,366.7290196418762,binary:logistic,True,0.5,gbtree,1,1,1,False,0,-1,gain,,0.300000012,0,6,1,nan,(),100,8,1,auto,42,0,1,1,1,hist,1,None
fc_valid_lb_mm_0-1000,0.9381393387577892,0.9528438566154134,0.9381393387577892,0.9114603124930146,369.0652012825012,binary:logistic,True,0.5,gbtree,1,1,1,False,0,-1,gain,,0.300000012,0,6,1,nan,(),100,8,1,auto,42,0,1,1,1,approx,1,None
fc_valid_lb_mm_0-1000,0.9384416030474763,0.9521812080536913,0.9384416030474763,0.9119925005021986,366.6158456802368,binary:logistic,True,0.5,gbtree,1,1,1,False,0,-1,gain,,0.300000012,0,6,1,nan,(),100,8,1,auto,42,0,1,1,1,approx,1,None
lr_valid_lb_none,0.9344068014942677,0.958477978395361,0.9344068014942677,0.9282695666873274,686.3016188144684,binary:logistic,True,0.5,gbtree,1,1,1,False,0,-1,gain,,0.300000012,0,6,1,nan,(),100,8,1,auto,42,0,1,1,1,auto,1,None
lr_valid_lb_none,0.9334352298682786,0.9578816971198514,0.9334352298682786,0.9273667641106363,688.9671201705933,binary:logistic,True,0.5,gbtree,1,1,1,False,0,-1,gain,,0.300000012,0,6,1,nan,(),100,8,1,auto,42,0,1,1,1,auto,1,None
lr_valid_lb_std,0.9315186049704792,0.9612433144717464,0.9315186049704792,0.9255513676904131,675.0138599872589,binary:logistic,True,0.5,gbtree,1,1,1,False,0,-1,gain,,0.300000012,0,6,1,nan,(),100,8,1,auto,42,0,1,1,1,auto,1,None
lr_valid_lb_std,0.9308320944581461,0.9595100836584561,0.9308320944581461,0.9247158958050787,677.9066240787506,binary:logistic,True,0.5,gbtree,1,1,1,False,0,-1,gain,,0.300000012,0,6,1,nan,(),100,8,1,auto,42,0,1,1,1,auto,1,None
lr_valid_lb_mm_0-1,0.9335114379225331,0.956821135530425,0.9335114379225331,0.9272515367407936,685.5281980037689,binary:logistic,True,0.5,gbtree,1,1,1,False,0,-1,gain,,0.300000012,0,6,1,nan,(),100,8,1,auto,42,0,1,1,1,auto,1,None
lr_valid_lb_mm_0-1,0.9349091565705638,0.9581754958525167,0.9349091565705638,0.9287314767741813,677.7206819057465,binary:logistic,True,0.5,gbtree,1,1,1,False,0,-1,gain,,0.300000012,0,6,1,nan,(),100,8,1,auto,42,0,1,1,1,auto,1,None
lr_valid_lb_mm_0-10,0.9330537100226048,0.9591251622401735,0.9330537100226048,0.9270767992060742,690.6383550167084,binary:logistic,True,0.5,gbtree,1,1,1,False,0,-1,gain,,0.300000012,0,6,1,nan,(),100,8,1,auto,42,0,1,1,1,auto,1,None
lr_valid_lb_mm_0-10,0.9324762984336357,0.9585315187637112,0.9324762984336357,0.926244500933317,685.6236553192139,binary:logistic,True,0.5,gbtree,1,1,1,False,0,-1,gain,,0.300000012,0,6,1,nan,(),100,8,1,auto,42,0,1,1,1,auto,1,None
lr_valid_lb_mm_0-100,0.9326814850455807,0.9579167230742452,0.9326814850455807,0.9267051460751939,684.6793391704559,binary:logistic,True,0.5,gbtree,1,1,1,False,0,-1,gain,,0.300000012,0,6,1,nan,(),100,8,1,auto,42,0,1,1,1,auto,1,None
lr_valid_lb_mm_0-100,0.9336512846953682,0.9591476313389097,0.9336512846953682,0.9275465678224557,683.8996682167053,binary:logistic,True,0.5,gbtree,1,1,1,False,0,-1,gain,,0.300000012,0,6,1,nan,(),100,8,1,auto,42,0,1,1,1,auto,1,None
lr_valid_lb_mm_0-1000,0.9350869057433361,0.9529985051156109,0.9350869057433361,0.9285099541306094,720.87087225914,binary:logistic,True,0.5,gbtree,1,1,1,False,0,-1,gain,,0.300000012,0,6,1,nan,(),100,8,1,auto,42,0,1,1,1,auto,1,None
lr_valid_lb_mm_0-1000,0.9353043239250314,0.9494589729196106,0.9353043239250314,0.9286958497425023,710.9432964324951,binary:logistic,True,0.5,gbtree,1,1,1,False,0,-1,gain,,0.300000012,0,6,1,nan,(),100,8,1,auto,42,0,1,1,1,auto,1,None
fc_valid_lb_none,0.9359532843068372,0.9550011657729074,0.9359532843068372,0.908969863743287,124.10829901695251,binary:logistic,True,0.5,gbtree,1,1,1,False,0,-1,gain,,0.300000012,0,6,1,nan,"(1,0)",100,8,1,auto,42,0,1,1,1,auto,1,None
fc_valid_lb_none,0.9383323185487018,0.9540773726690788,0.9383323185487018,0.9123896553253783,125.18619728088379,binary:logistic,True,0.5,gbtree,1,1,1,False,0,-1,gain,,0.300000012,0,6,1,nan,"(1,0)",100,8,1,auto,42,0,1,1,1,auto,1,None
fc_valid_lb_none,0.9393305439330544,0.9550525239379009,0.9393305439330544,0.9136060471320586,125.5790114402771,binary:logistic,True,0.5,gbtree,1,1,1,False,0,-1,gain,,0.300000012,0,6,1,nan,(),100,8,1,auto,42,0,1,1,1,approx,1,None
fc_valid_lb_std,0.9361223852638152,0.9523192297009536,0.9361223852638152,0.9095410734812981,123.1880362033844,binary:logistic,True,0.5,gbtree,1,1,1,False,0,-1,gain,,0.300000012,0,6,1,nan,"(1,0)",100,8,1,auto,42,0,1,1,1,auto,1,None
fc_valid_lb_std,0.9362559130719873,0.9535328113348247,0.9362559130719873,0.9092686829181573,127.06088471412659,binary:logistic,True,0.5,gbtree,1,1,1,False,0,-1,gain,,0.300000012,0,6,1,nan,"(1,0)",100,8,1,auto,42,0,1,1,1,auto,1,None
fc_valid_lb_std,0.935956898571094,0.951746623195156,0.935956898571094,0.908803842647157,128.34082698822021,binary:logistic,True,0.5,gbtree,1,1,1,False,0,-1,gain,,0.300000012,0,6,1,nan,"(1,0)",100,8,1,auto,42,0,1,1,1,auto,1,None
fc_valid_lb_mm_0-1,0.9360898146557781,0.9513989106652391,0.9360898146557781,0.9089776947539306,126.20536971092224,binary:logistic,True,0.5,gbtree,1,1,1,False,0,-1,gain,,0.300000012,0,6,1,nan,(),100,8,1,auto,42,0,1,1,1,auto,1,None
fc_valid_lb_mm_0-1,0.9362748158321887,0.9561823335346871,0.9362748158321887,0.9097460156060038,126.27082467079163,binary:logistic,True,0.5,gbtree,1,1,1,False,0,-1,gain,,0.300000012,0,6,1,nan,"(1,0)",100,8,1,auto,42,0,1,1,1,auto,1,None
fc_valid_lb_mm_0-1,0.9360964487615954,0.9519821328866555,0.9360964487615954,0.9090909090909092,124.73147916793823,binary:logistic,True,0.5,gbtree,1,1,1,False,0,-1,gain,,0.300000012,0,6,1,nan,"(1,0)",100,8,1,auto,42,0,1,1,1,auto,1,None
fc_valid_lb_mm_0-10,0.9357090432093945,0.9525,0.9357090432093945,0.9090467248425936,124.72916173934937,binary:logistic,True,0.5,gbtree,1,1,1,False,0,-1,gain,,0.300000012,0,6,1,nan,"(1,0)",100,8,1,auto,42,0,1,1,1,auto,1,None
fc_valid_lb_mm_0-10,0.9375663357682462,0.9548219343455449,0.9375663357682462,0.9113632334692431,123.36890387535095,binary:logistic,True,0.5,gbtree,1,1,1,False,0,-1,gain,,0.300000012,0,6,1,nan,"(1,0)",100,8,1,auto,42,0,1,1,1,auto,1,None
fc_valid_lb_mm_0-10,0.9373780573462157,0.9528056484578223,0.9373780573462157,0.9109157118749445,126.6491470336914,binary:logistic,True,0.5,gbtree,1,1,1,False,0,-1,gain,,0.300000012,0,6,1,nan,(),100,8,1,auto,42,0,1,1,1,auto,1,None
fc_valid_lb_mm_0-100,0.936704511736136,0.9536239933351847,0.936704511736136,0.9104527076290846,124.5546977519989,binary:logistic,True,0.5,gbtree,1,1,1,False,0,-1,gain,,0.300000012,0,6,1,nan,(),100,8,1,auto,42,0,1,1,1,auto,1,None
fc_valid_lb_mm_0-100,0.9385333562317528,0.9528876086047484,0.9385333562317528,0.912423534645757,125.50978541374207,binary:logistic,True,0.5,gbtree,1,1,1,False,0,-1,gain,,0.300000012,0,6,1,nan,"(1,0)",100,8,1,auto,42,0,1,1,1,auto,1,None
fc_valid_lb_mm_0-100,0.9374102291887841,0.9512875336989867,0.9374102291887841,0.9107941523330588,124.40280032157898,binary:logistic,True,0.5,gbtree,1,1,1,False,0,-1,gain,,0.300000012,0,6,1,nan,(),100,8,1,auto,42,0,1,1,1,auto,1,None
fc_valid_lb_mm_0-1000,0.9371106496588549,0.9517125993400567,0.9371106496588549,0.910457051396052,126.10076332092285,binary:logistic,True,0.5,gbtree,1,1,1,False,0,-1,gain,,0.300000012,0,6,1,nan,(),100,8,1,auto,42,0,1,1,1,auto,1,None
fc_valid_lb_mm_0-1000,0.9373087252513896,0.9531264560618768,0.9373087252513896,0.9106328043270193,124.14435338973999,binary:logistic,True,0.5,gbtree,1,1,1,False,0,-1,gain,,0.300000012,0,6,1,nan,(),100,8,1,auto,42,0,1,1,1,hist,1,None
fc_valid_lb_mm_0-1000,0.935841986103521,0.9544503834534046,0.935841986103521,0.9090506651320304,123.31267976760864,binary:logistic,True,0.5,gbtree,1,1,1,False,0,-1,gain,,0.300000012,0,6,1,nan,"(1,0)",100,8,1,auto,42,0,1,1,1,hist,1,None
lr_valid_lb_none,0.9343425226293938,0.9569143895882888,0.9343425226293938,0.9283516565982516,235.71019625663757,binary:logistic,True,0.5,gbtree,1,1,1,False,0,-1,gain,,0.300000012,0,6,1,nan,"(1,0)",100,8,1,auto,42,0,1,1,1,auto,1,None
lr_valid_lb_none,0.9329078696466304,0.956003879728419,0.9329078696466304,0.9265710928319624,241.5662260055542,binary:logistic,True,0.5,gbtree,1,1,1,False,0,-1,gain,,0.300000012,0,6,1,nan,(),100,8,1,auto,42,0,1,1,1,auto,1,None
lr_valid_lb_none,0.9343212885178098,0.9584857458050282,0.9343212885178098,0.9282675113868532,242.94801902770996,binary:logistic,True,0.5,gbtree,1,1,1,False,0,-1,gain,,0.300000012,0,6,1,nan,(),100,8,1,auto,42,0,1,1,1,auto,1,None
lr_valid_lb_std,0.9311639979716199,0.9615040982014528,0.9311639979716199,0.9251614229514937,234.11245250701904,binary:logistic,True,0.5,gbtree,1,1,1,False,0,-1,gain,,0.300000012,0,6,1,nan,(),100,8,1,auto,42,0,1,1,1,auto,1,None
lr_valid_lb_std,0.9320657777166815,0.9629292831575892,0.9320657777166815,0.9264088603471543,232.75727772712708,binary:logistic,True,0.5,gbtree,1,1,1,False,0,-1,gain,,0.300000012,0,6,1,nan,(),100,8,1,auto,42,0,1,1,1,auto,1,None
lr_valid_lb_std,0.9324272144567148,0.9605513123715737,0.9324272144567148,0.9263860455985867,235.73192310333252,binary:logistic,True,0.5,gbtree,1,1,1,False,0,-1,gain,,0.300000012,0,6,1,nan,"(1,0)",100,8,1,auto,42,0,1,1,1,auto,1,None
lr_valid_lb_mm_0-1,0.9347917543121582,0.9598443338690004,0.9347917543121582,0.9288491264227833,240.28043603897095,binary:logistic,True,0.5,gbtree,1,1,1,False,0,-1,gain,,0.300000012,0,6,1,nan,(),100,8,1,auto,42,0,1,1,1,auto,1,None
lr_valid_lb_mm_0-1,0.934774019548898,0.9594917062760695,0.934774019548898,0.9287001915349081,238.59079909324646,binary:logistic,True,0.5,gbtree,1,1,1,False,0,-1,gain,,0.300000012,0,6,1,nan,"(1,0)",100,8,1,auto,42,0,1,1,1,auto,1,None
lr_valid_lb_mm_0-1,0.9341917638771969,0.9560980335173883,0.9341917638771969,0.9279703645201628,236.18795013427734,binary:logistic,True,0.5,gbtree,1,1,1,False,0,-1,gain,,0.300000012,0,6,1,nan,"(1,0)",100,8,1,auto,42,0,1,1,1,auto,1,None
lr_valid_lb_mm_0-10,0.9339128640338432,0.9576594549574852,0.9339128640338432,0.9278797432721541,233.69081711769104,binary:logistic,True,0.5,gbtree,1,1,1,False,0,-1,gain,,0.300000012,0,6,1,nan,(),100,8,1,auto,42,0,1,1,1,auto,1,None
lr_valid_lb_mm_0-10,0.9329778739407053,0.9579870997733744,0.9329778739407053,0.9268566930904594,234.36654901504517,binary:logistic,True,0.5,gbtree,1,1,1,False,0,-1,gain,,0.300000012,0,6,1,nan,(),100,8,1,auto,42,0,1,1,1,auto,1,None
lr_valid_lb_mm_0-10,0.9328898806969359,0.9557933022499951,0.9328898806969359,0.9266696052594559,237.67591905593872,binary:logistic,True,0.5,gbtree,1,1,1,False,0,-1,gain,,0.300000012,0,6,1,nan,(),100,8,1,auto,42,0,1,1,1,auto,1,None
lr_valid_lb_mm_0-100,0.9339774972086232,0.9583107427774765,0.9339774972086232,0.927935951401063,232.4846315383911,binary:logistic,True,0.5,gbtree,1,1,1,False,0,-1,gain,,0.300000012,0,6,1,nan,"(1,0)",100,8,1,auto,42,0,1,1,1,auto,1,None
lr_valid_lb_mm_0-100,0.9347163166258644,0.9580876648564779,0.9347163166258644,0.9285700859038704,236.57797193527222,binary:logistic,True,0.5,gbtree,1,1,1,False,0,-1,gain,,0.300000012,0,6,1,nan,"(1,0)",100,8,1,auto,42,0,1,1,1,auto,1,None
lr_valid_lb_mm_0-100,0.93266282455402,0.9586423828200846,0.93266282455402,0.9264429933198228,232.8354194164276,binary:logistic,True,0.5,gbtree,1,1,1,False,0,-1,gain,,0.300000012,0,6,1,nan,"(1,0)",100,8,1,auto,42,0,1,1,1,auto,1,None
lr_valid_lb_mm_0-1000,0.9351493350961084,0.9513280328090844,0.9351493350961084,0.9286739434225932,238.73237133026123,binary:logistic,True,0.5,gbtree,1,1,1,False,0,-1,gain,,0.300000012,0,6,1,nan,(),100,8,1,auto,42,0,1,1,1,auto,1,None
lr_valid_lb_mm_0-1000,0.9359912090930943,0.9544829722561035,0.9359912090930943,0.9296975182922229,241.88321733474731,binary:logistic,True,0.5,gbtree,1,1,1,False,0,-1,gain,,0.300000012,0,6,1,nan,(),100,8,1,auto,42,0,1,1,1,approx,1,None
lr_valid_lb_mm_0-1000,0.9339022671410646,0.950199511873862,0.9339022671410646,0.9273069252653567,240.05696606636047,binary:logistic,True,0.5,gbtree,1,1,1,False,0,-1,gain,,0.300000012,0,6,1,nan,(),100,8,1,auto,42,0,1,1,1,auto,1,None
fc_valid_lb_none,0.9377584942175331,0.9558460894244638,0.9377584942175331,0.9115271985091844,835.73877120018,binary:logistic,True,0.5,gbtree,1,1,1,False,0,-1,gain,,0.300000012,0,6,1,nan,(),75,8,1,auto,42,0,1,1,1,auto,1,None
fc_valid_lb_none,0.9377994911576943,0.956893348197696,0.9377994911576943,0.911807015602523,839.4981634616852,binary:logistic,True,0.5,gbtree,1,1,1,False,0,-1,gain,,0.300000012,0,6,1,nan,(),50,8,1,auto,42,0,1,1,1,auto,1,None
fc_valid_lb_none,0.9343537680593518,0.9535056723079784,0.9343537680593518,0.9070523452531016,829.7044129371643,binary:logistic,True,0.5,gbtree,1,1,1,False,0,-1,gain,,0.300000012,0,6,1,nan,(),50,8,1,auto,42,0,1,1,1,auto,1,None
fc_valid_lb_std,0.9367885194959321,0.9526547646649663,0.9367885194959321,0.9103154909606521,825.7222607135773,binary:logistic,True,0.5,gbtree,1,1,1,False,0,-1,gain,,0.300000012,0,6,1,nan,(),100,8,1,auto,42,0,1,1,1,auto,1,None
fc_valid_lb_std,0.9344264855157336,0.9508616674429436,0.9344264855157336,0.9067489839880966,819.0421893596649,binary:logistic,True,0.5,gbtree,1,1,1,False,0,-1,gain,,0.300000012,0,6,1,nan,(),100,8,1,auto,42,0,1,1,1,auto,1,None
fc_valid_lb_std,0.9362413486024966,0.953554458212988,0.9362413486024966,0.9093493858148781,820.778308391571,binary:logistic,True,0.5,gbtree,1,1,1,False,0,-1,gain,,0.300000012,0,6,1,nan,(),100,8,1,auto,42,0,1,1,1,auto,1,None
fc_valid_lb_mm_0-1,0.9375858623704258,0.9556489262371616,0.9375858623704258,0.9110329787707508,819.6468787193298,binary:logistic,True,0.5,gbtree,1,1,1,False,0,-1,gain,,0.300000012,0,6,1,nan,"(1,0)",75,8,1,auto,42,0,1,1,1,auto,1,None
fc_valid_lb_mm_0-1,0.9374648679033165,0.9545708694436679,0.9374648679033165,0.9109584472753952,832.6957809925079,binary:logistic,True,0.5,gbtree,1,1,1,False,0,-1,gain,,0.300000012,0,6,1,nan,(),75,8,1,auto,42,0,1,1,1,auto,1,None
fc_valid_lb_mm_0-1,0.9370609721831975,0.954386781475448,0.9370609721831975,0.9104835486878912,844.9902577400208,binary:logistic,True,0.5,gbtree,1,1,1,False,0,-1,gain,,0.300000012,0,6,1,nan,"(1,0)",100,8,1,auto,42,0,1,1,1,auto,1,None
fc_valid_lb_mm_0-10,0.9361459699069739,0.9554255467335283,0.9361459699069739,0.9095811691899657,867.9168291091919,binary:logistic,True,0.5,gbtree,1,1,1,False,0,-1,gain,,0.300000012,0,6,1,nan,(),50,8,1,auto,42,0,1,1,1,auto,1,None
fc_valid_lb_mm_0-10,0.93555336986558,0.9533351887930235,0.93555336986558,0.9087371772196675,859.747492313385,binary:logistic,True,0.5,gbtree,1,1,1,False,0,-1,gain,,0.300000012,0,6,1,nan,"(1,0)",100,8,1,auto,42,0,1,1,1,auto,1,None
fc_valid_lb_mm_0-10,0.9373838924707683,0.9548069784706755,0.9373838924707683,0.9111962273341156,828.6674537658691,binary:logistic,True,0.5,gbtree,1,1,1,False,0,-1,gain,,0.300000012,0,6,1,nan,"(1,0)",75,8,1,auto,42,0,1,1,1,auto,1,None
fc_valid_lb_mm_0-100,0.9361256871564217,0.9553853296193129,0.9361256871564217,0.9096092644978784,817.4551672935486,binary:logistic,True,0.5,gbtree,1,1,1,False,0,-1,gain,,0.300000012,0,6,1,nan,(),75,8,1,auto,42,0,1,1,1,auto,1,None
fc_valid_lb_mm_0-100,0.9372825018336168,0.9566589327146172,0.9372825018336168,0.9111842832202602,835.855612039566,binary:logistic,True,0.5,gbtree,1,1,1,False,0,-1,gain,,0.300000012,0,6,1,nan,(),75,8,1,auto,42,0,1,1,1,auto,1,None
fc_valid_lb_mm_0-100,0.9361054291647799,0.9545179460918951,0.9361054291647799,0.9092682926829267,820.8409423828125,binary:logistic,True,0.5,gbtree,1,1,1,False,0,-1,gain,,0.300000012,0,6,1,nan,(),50,8,1,auto,42,0,1,1,1,auto,1,None
fc_valid_lb_mm_0-1000,0.9392780786217013,0.95581167467687,0.9392780786217013,0.9132615528656457,831.683779001236,binary:logistic,True,0.5,gbtree,1,1,1,False,0,-1,gain,,0.300000012,0,6,1,nan,(),50,8,1,auto,42,0,1,1,1,auto,1,None
fc_valid_lb_mm_0-1000,0.938047706078073,0.9568506584477444,0.938047706078073,0.9117607796021893,835.4416627883911,binary:logistic,True,0.5,gbtree,1,1,1,False,0,-1,gain,,0.300000012,0,6,1,nan,(),50,8,1,auto,42,0,1,1,1,auto,1,None
fc_valid_lb_mm_0-1000,0.9384514497166143,0.9551410585218,0.9384514497166143,0.9122205397701967,822.7847113609314,binary:logistic,True,0.5,gbtree,1,1,1,False,0,-1,gain,,0.300000012,0,6,1,nan,(),50,8,1,auto,42,0,1,1,1,auto,1,None
lr_valid_lb_none,0.9350416344750623,0.9458413177709386,0.9350416344750623,0.9281366040817878,1507.318073272705,binary:logistic,True,0.5,gbtree,1,1,1,False,0,-1,gain,,0.300000012,0,15,1,nan,"(1,0)",75,8,1,auto,42,0,1,1,1,auto,1,None
lr_valid_lb_none,0.9342836766083228,0.9492856173545547,0.9342836766083228,0.9275634104298082,1473.9192311763763,binary:logistic,True,0.5,gbtree,1,1,1,False,0,-1,gain,,0.300000012,0,15,1,nan,"(1,0)",50,8,1,auto,42,0,1,1,1,auto,1,None
lr_valid_lb_none,0.9328006467926995,0.9499554038856788,0.9328006467926995,0.9261524211003885,1467.3914859294891,binary:logistic,True,0.5,gbtree,1,1,1,False,0,-1,gain,,0.300000012,0,15,1,nan,"(1,0)",50,8,1,auto,42,0,1,1,1,auto,1,None
lr_valid_lb_std,0.934347429790015,0.949482996100646,0.934347429790015,0.9276447342235195,1450.9621596336365,binary:logistic,True,0.5,gbtree,1,1,1,False,0,-1,gain,,0.300000012,0,15,1,nan,(),50,8,1,auto,42,0,1,1,1,auto,1,None
lr_valid_lb_std,0.9351162750726182,0.9536852300242131,0.9351162750726182,0.9287856779037521,1480.4988451004028,binary:logistic,True,0.5,gbtree,1,1,1,False,0,-1,gain,,0.300000012,0,15,1,nan,"(1,0)",50,8,1,auto,42,0,1,1,1,auto,1,None
lr_valid_lb_std,0.9340610304465726,0.9471276843166136,0.9340610304465726,0.9271106051982546,1455.944450378418,binary:logistic,True,0.5,gbtree,1,1,1,False,0,-1,gain,,0.300000012,0,15,1,nan,(),75,8,1,auto,42,0,1,1,1,auto,1,None
lr_valid_lb_mm_0-1,0.9344693356706453,0.950801601268638,0.9344693356706453,0.9280267280758051,1489.6616179943085,binary:logistic,True,0.5,gbtree,1,1,1,False,0,-1,gain,,0.300000012,0,15,1,nan,"(1,0)",50,8,1,auto,42,0,1,1,1,auto,1,None
lr_valid_lb_mm_0-1,0.9350680578814032,0.9494210965227003,0.9350680578814032,0.9283120478614975,1470.032788991928,binary:logistic,True,0.5,gbtree,1,1,1,False,0,-1,gain,,0.300000012,0,15,1,nan,"(1,0)",50,8,1,auto,42,0,1,1,1,auto,1,None
lr_valid_lb_mm_0-1,0.933330470259824,0.9492826677006592,0.933330470259824,0.9265588040495789,1494.6568558216095,binary:logistic,True,0.5,gbtree,1,1,1,False,0,-1,gain,,0.300000012,0,15,1,nan,"(1,0)",50,8,1,auto,42,0,1,1,1,auto,1,None
lr_valid_lb_mm_0-10,0.9348093163913159,0.9519794863825324,0.9348093163913159,0.9281439393939395,1467.5267786979675,binary:logistic,True,0.5,gbtree,1,1,1,False,0,-1,gain,,0.300000012,0,15,1,nan,"(1,0)",50,8,1,auto,42,0,1,1,1,auto,1,None
lr_valid_lb_mm_0-10,0.933290394606896,0.94987507505181,0.933290394606896,0.9266159049256524,1479.2642152309418,binary:logistic,True,0.5,gbtree,1,1,1,False,0,-1,gain,,0.300000012,0,15,1,nan,"(1,0)",50,8,1,auto,42,0,1,1,1,auto,1,None
lr_valid_lb_mm_0-10,0.9342640770697027,0.951084215834594,0.9342640770697027,0.9275877723970943,1480.261711359024,binary:logistic,True,0.5,gbtree,1,1,1,False,0,-1,gain,,0.300000012,0,15,1,nan,(),50,8,1,auto,42,0,1,1,1,auto,1,None
lr_valid_lb_mm_0-100,0.9362963217482433,0.9532306500048435,0.9362963217482433,0.9299174053563666,1492.747151374817,binary:logistic,True,0.5,gbtree,1,1,1,False,0,-1,gain,,0.300000012,0,15,1,nan,(),50,8,1,auto,42,0,1,1,1,auto,1,None
lr_valid_lb_mm_0-100,0.9344807152242806,0.94979241842238,0.9344807152242806,0.9277180349613908,1491.4341270923615,binary:logistic,True,0.5,gbtree,1,1,1,False,0,-1,gain,,0.300000012,0,15,1,nan,"(1,0)",50,8,1,auto,42,0,1,1,1,auto,1,None
lr_valid_lb_mm_0-100,0.9354547719482126,0.9482895629421455,0.9354547719482126,0.9286968405667808,1500.7426128387451,binary:logistic,True,0.5,gbtree,1,1,1,False,0,-1,gain,,0.300000012,0,15,1,nan,"(1,0)",75,8,1,auto,42,0,1,1,1,auto,1,None
lr_valid_lb_mm_0-1000,0.9346001529117665,0.953503234052442,0.9346001529117665,0.9282381441646951,1528.4004487991333,binary:logistic,True,0.5,gbtree,1,1,1,False,0,-1,gain,,0.300000012,0,6,1,nan,(),50,8,1,auto,42,0,1,1,1,auto,1,None
lr_valid_lb_mm_0-1000,0.9357724903615803,0.9563585715943823,0.9357724903615803,0.9296701643536801,1504.7870392799377,binary:logistic,True,0.5,gbtree,1,1,1,False,0,-1,gain,,0.300000012,0,6,1,nan,"(1,0)",50,8,1,auto,42,0,1,1,1,auto,1,None
lr_valid_lb_mm_0-1000,0.9352981117156143,0.9529580856931982,0.9352981117156143,0.9287499053532218,1475.7173914909363,binary:logistic,True,0.5,gbtree,1,1,1,False,0,-1,gain,,0.300000012,0,6,1,nan,(),100,8,1,auto,42,0,1,1,1,auto,1,None
fc_valid_lb_none,0.936420697623583,0.9538475853726621,0.936420697623583,0.9096636791197089,547.6362521648407,binary:logistic,True,0.5,gbtree,1,1,1,False,0,-1,gain,,0.300000012,0,6,1,nan,(),50,8,1,auto,42,0,1,1,1,auto,1,None
fc_valid_lb_none,0.936365907742278,0.9536399180785701,0.936365907742278,0.9095469578921667,553.4357197284698,binary:logistic,True,0.5,gbtree,1,1,1,False,0,-1,gain,,0.300000012,0,3,1,nan,(),100,8,1,auto,42,0,1,1,1,auto,1,None
fc_valid_lb_none,0.9365626804413303,0.9545051560823107,0.9365626804413303,0.9096204726860395,560.6007151603699,binary:logistic,True,0.5,gbtree,1,1,1,False,0,-1,gain,,0.300000012,0,6,1,nan,(),50,8,1,auto,42,0,1,1,1,auto,1,None
fc_valid_lb_std,0.9345270618355527,0.9522550111358574,0.9345270618355527,0.9072944297082228,551.2077281475067,binary:logistic,True,0.5,gbtree,1,1,1,False,0,-1,gain,,0.300000012,0,6,1,nan,(),100,8,1,auto,42,0,1,1,1,auto,1,None
fc_valid_lb_std,0.9365414050541967,0.9533342666480004,0.9365414050541967,0.9095523251931168,551.3646504878998,binary:logistic,True,0.5,gbtree,1,1,1,False,0,-1,gain,,0.300000012,0,6,1,nan,"(1,0)",100,8,1,auto,42,0,1,1,1,auto,1,None
fc_valid_lb_std,0.93727455848597,0.954306208952443,0.93727455848597,0.9107194452470384,555.3565709590912,binary:logistic,True,0.5,gbtree,1,1,1,False,0,-1,gain,,0.300000012,0,6,1,nan,"(1,0)",100,8,1,auto,42,0,1,1,1,auto,1,None
fc_valid_lb_mm_0-1,0.9361164017859931,0.9534397920341658,0.9361164017859931,0.9094088997121985,552.7269079685211,binary:logistic,True,0.5,gbtree,1,1,1,False,0,-1,gain,,0.300000012,0,6,1,nan,(),100,8,1,auto,42,0,1,1,1,auto,1,None
fc_valid_lb_mm_0-1,0.9366774389958316,0.9558864458669636,0.9366774389958316,0.9104042412193506,575.1338200569153,binary:logistic,True,0.5,gbtree,1,1,1,False,0,-1,gain,,0.300000012,0,6,1,nan,(),100,8,1,auto,42,0,1,1,1,auto,1,None
fc_valid_lb_mm_0-1,0.9366003684391295,0.952511373131557,0.9366003684391295,0.9099536575090358,557.5307536125183,binary:logistic,True,0.5,gbtree,1,1,1,False,0,-1,gain,,0.300000012,0,6,1,nan,"(1,0)",100,8,1,auto,42,0,1,1,1,auto,1,None
fc_valid_lb_mm_0-10,0.9357034677658594,0.9524830962928421,0.9357034677658594,0.9084278407827441,552.532425403595,binary:logistic,True,0.5,gbtree,1,1,1,False,0,-1,gain,,0.300000012,0,6,1,nan,(),100,8,1,auto,42,0,1,1,1,auto,1,None
fc_valid_lb_mm_0-10,0.9384298359273772,0.9536005939123979,0.9384298359273772,0.9124489433493163,557.4121990203857,binary:logistic,True,0.5,gbtree,1,1,1,False,0,-1,gain,,0.300000012,0,6,1,nan,"(1,0)",100,8,1,auto,42,0,1,1,1,auto,1,None
fc_valid_lb_mm_0-10,0.9346502186133666,0.952212389380531,0.9346502186133666,0.907150622323786,552.261873960495,binary:logistic,True,0.5,gbtree,1,1,1,False,0,-1,gain,,0.300000012,0,6,1,nan,(),50,8,1,auto,42,0,1,1,1,auto,1,None
fc_valid_lb_mm_0-100,0.9375487778228702,0.9534645632649262,0.9375487778228702,0.9110473776651327,558.8557684421539,binary:logistic,True,0.5,gbtree,1,1,1,False,0,-1,gain,,0.300000012,0,6,1,nan,"(1,0)",100,8,1,auto,42,0,1,1,1,auto,1,None
fc_valid_lb_mm_0-100,0.9376434045608504,0.9565217391304348,0.9376434045608504,0.9115739613537263,552.337628364563,binary:logistic,True,0.5,gbtree,1,1,1,False,0,-1,gain,,0.300000012,0,6,1,nan,(),50,8,1,auto,42,0,1,1,1,auto,1,None
fc_valid_lb_mm_0-100,0.9361270277443832,0.9542687177580518,0.9361270277443832,0.9094049649002369,568.514500617981,binary:logistic,True,0.5,gbtree,1,1,1,False,0,-1,gain,,0.300000012,0,6,1,nan,"(1,0)",100,8,1,auto,42,0,1,1,1,auto,1,None
fc_valid_lb_mm_0-1000,0.9365250386471167,0.9525362150076855,0.9365250386471167,0.9095963527187814,556.9911651611328,binary:logistic,True,0.5,gbtree,1,1,1,False,0,-1,gain,,0.300000012,0,3,1,nan,(),100,8,1,auto,42,0,1,1,1,auto,1,None
fc_valid_lb_mm_0-1000,0.9375097567829155,0.9567620286085826,0.9375097567829155,0.9114478486893042,554.1966216564178,binary:logistic,True,0.5,gbtree,1,1,1,False,0,-1,gain,,0.300000012,0,3,1,nan,(),100,8,1,auto,42,0,1,1,1,auto,1,None
fc_valid_lb_mm_0-1000,0.9375947014074386,0.9571081863156912,0.9375947014074386,0.9112399742273768,565.1522903442383,binary:logistic,True,0.5,gbtree,1,1,1,False,0,-1,gain,,0.300000012,0,3,1,nan,(),100,8,1,auto,42,0,1,1,1,auto,1,None
lr_valid_lb_none,0.9349890932824926,0.9500931026456668,0.9349890932824926,0.9282709217707702,1063.4359197616577,binary:logistic,True,0.5,gbtree,1,1,1,False,0,-1,gain,,0.300000012,0,10,1,nan,(),100,8,1,auto,42,0,1,1,1,auto,1,None
lr_valid_lb_none,0.9352272629652856,0.9494170959371006,0.9352272629652856,0.9285930752329722,1067.9636597633362,binary:logistic,True,0.5,gbtree,1,1,1,False,0,-1,gain,,0.300000012,0,15,1,nan,"(1,0)",50,8,1,auto,42,0,1,1,1,auto,1,None
lr_valid_lb_none,0.9342300660102836,0.951257283338818,0.9342300660102836,0.9276787736917618,1061.9375035762787,binary:logistic,True,0.5,gbtree,1,1,1,False,0,-1,gain,,0.300000012,0,15,1,nan,(),50,8,1,auto,42,0,1,1,1,auto,1,None
lr_valid_lb_std,0.935982965424276,0.9534545877157301,0.935982965424276,0.9295966158029914,1038.8908216953278,binary:logistic,True,0.5,gbtree,1,1,1,False,0,-1,gain,,0.300000012,0,10,1,nan,"(1,0)",100,8,1,auto,42,0,1,1,1,auto,1,None
lr_valid_lb_std,0.9354420489572333,0.951575725879869,0.9354420489572333,0.9289138059807323,1043.4681725502014,binary:logistic,True,0.5,gbtree,1,1,1,False,0,-1,gain,,0.300000012,0,10,1,nan,"(1,0)",100,8,1,auto,42,0,1,1,1,auto,1,None
lr_valid_lb_std,0.9346782847576941,0.9520413897339508,0.9346782847576941,0.9281308737827398,1034.3991816043854,binary:logistic,True,0.5,gbtree,1,1,1,False,0,-1,gain,,0.300000012,0,10,1,nan,"(1,0)",100,8,1,auto,42,0,1,1,1,auto,1,None
lr_valid_lb_mm_0-1,0.9347999759472903,0.9511570616646946,0.9347999759472903,0.9281658148779103,1054.6206657886505,binary:logistic,True,0.5,gbtree,1,1,1,False,0,-1,gain,,0.300000012,0,15,1,nan,(),50,8,1,auto,42,0,1,1,1,auto,1,None
lr_valid_lb_mm_0-1,0.9346415898409643,0.9510204872754056,0.9346415898409643,0.9280587105987383,1065.7406361103058,binary:logistic,True,0.5,gbtree,1,1,1,False,0,-1,gain,,0.300000012,0,15,1,nan,"(1,0)",50,8,1,auto,42,0,1,1,1,auto,1,None
lr_valid_lb_mm_0-1,0.9356700535080863,0.9507212702100881,0.9356700535080863,0.9291323682467595,1064.619248867035,binary:logistic,True,0.5,gbtree,1,1,1,False,0,-1,gain,,0.300000012,0,10,1,nan,"(1,0)",100,8,1,auto,42,0,1,1,1,auto,1,None
lr_valid_lb_mm_0-10,0.9336283566058002,0.9517298890698938,0.9336283566058002,0.9270453558002908,1061.4024188518524,binary:logistic,True,0.5,gbtree,1,1,1,False,0,-1,gain,,0.300000012,0,10,1,nan,(),100,8,1,auto,42,0,1,1,1,auto,1,None
lr_valid_lb_mm_0-10,0.9352618736682934,0.9513204991777111,0.9352618736682934,0.9288298244122675,1060.0782690048218,binary:logistic,True,0.5,gbtree,1,1,1,False,0,-1,gain,,0.300000012,0,10,1,nan,(),100,8,1,auto,42,0,1,1,1,auto,1,None
lr_valid_lb_mm_0-10,0.9335319419284493,0.9499399899337954,0.9335319419284493,0.9268836295638706,1057.3622007369995,binary:logistic,True,0.5,gbtree,1,1,1,False,0,-1,gain,,0.300000012,0,10,1,nan,"(1,0)",100,8,1,auto,42,0,1,1,1,auto,1,None
lr_valid_lb_mm_0-100,0.9353992951087424,0.9506100991289841,0.9353992951087424,0.9287819486168631,1098.8830938339233,binary:logistic,True,0.5,gbtree,1,1,1,False,0,-1,gain,,0.300000012,0,15,1,nan,(),50,8,1,auto,42,0,1,1,1,auto,1,None
lr_valid_lb_mm_0-100,0.9343214331743781,0.9512440896054569,0.9343214331743781,0.9277641277641279,1052.3553025722504,binary:logistic,True,0.5,gbtree,1,1,1,False,0,-1,gain,,0.300000012,0,15,1,nan,"(1,0)",50,8,1,auto,42,0,1,1,1,auto,1,None
lr_valid_lb_mm_0-100,0.9358214731048716,0.947128443927047,0.9358214731048716,0.9289867070118847,1053.2648830413818,binary:logistic,True,0.5,gbtree,1,1,1,False,0,-1,gain,,0.300000012,0,20,1,nan,"(1,0)",50,8,1,auto,42,0,1,1,1,auto,1,None
lr_valid_lb_mm_0-1000,0.9355748074807481,0.952664558558209,0.9355748074807481,0.9290890171223157,1063.3403663635254,binary:logistic,True,0.5,gbtree,1,1,1,False,0,-1,gain,,0.300000012,0,6,1,nan,(),100,8,1,auto,42,0,1,1,1,auto,1,None
lr_valid_lb_mm_0-1000,0.9355963350021038,0.9540864778960017,0.9355963350021038,0.9292159009400128,1074.8468568325043,binary:logistic,True,0.5,gbtree,1,1,1,False,0,-1,gain,,0.300000012,0,6,1,nan,(),50,8,1,auto,42,0,1,1,1,auto,1,None
lr_valid_lb_mm_0-1000,0.9342681029220863,0.9524778966961377,0.9342681029220863,0.9277970839314044,1070.0332565307617,binary:logistic,True,0.5,gbtree,1,1,1,False,0,-1,gain,,0.300000012,0,6,1,nan,(),100,8,1,auto,42,0,1,1,1,auto,1,None
fc_valid_lb_none,0.9372959462625947,0.9589392244593586,0.9372959462625947,0.9111239039943317,551.3985457420349,binary:logistic,True,0.5,gbtree,1,1,1,False,0,-1,gain,,0.300000012,0,5,1,nan,(),75,8,1,auto,42,0,1,1,1,auto,1,None
fc_valid_lb_none,0.9355689407652457,0.9551500443365847,0.9355689407652457,0.9083686558221078,548.9479792118073,binary:logistic,True,0.5,gbtree,1,1,1,False,0,-1,gain,,0.300000012,0,5,1,nan,(),75,8,1,auto,42,0,1,1,1,auto,1,None
fc_valid_lb_none,0.9359050445103858,0.9530135645364285,0.9359050445103858,0.9087878383784503,554.3399493694305,binary:logistic,True,0.5,gbtree,1,1,1,False,0,-1,gain,,0.300000012,0,6,1,nan,"(1,0)",75,8,1,auto,42,0,1,1,1,auto,1,None
fc_valid_lb_std,0.9359470595579973,0.9559035360810372,0.9359470595579973,0.9092998585572845,546.4296679496765,binary:logistic,True,0.5,gbtree,1,1,1,False,0,-1,gain,,0.300000012,0,6,1,nan,"(1,0)",100,8,1,auto,42,0,1,1,1,auto,1,None
fc_valid_lb_std,0.9349312929419114,0.9497904052165813,0.9349312929419114,0.9072990589753288,543.1937627792358,binary:logistic,True,0.5,gbtree,1,1,1,False,0,-1,gain,,0.300000012,0,6,1,nan,"(1,0)",100,8,1,auto,42,0,1,1,1,auto,1,None
fc_valid_lb_std,0.935038387116909,0.9554767349605637,0.935038387116909,0.9077124298920393,555.9178333282471,binary:logistic,True,0.5,gbtree,1,1,1,False,0,-1,gain,,0.300000012,0,6,1,nan,(),100,8,1,auto,42,0,1,1,1,auto,1,None
fc_valid_lb_mm_0-1,0.9379204845230477,0.9560741568846656,0.9379204845230477,0.9116752170919672,554.3397409915924,binary:logistic,True,0.5,gbtree,1,1,1,False,0,-1,gain,,0.300000012,0,5,1,nan,"(1,0)",75,8,1,auto,42,0,1,1,1,auto,1,None
fc_valid_lb_mm_0-1,0.9375058544353202,0.9538575805403398,0.9375058544353202,0.9112397170668971,549.6341726779938,binary:logistic,True,0.5,gbtree,1,1,1,False,0,-1,gain,,0.300000012,0,5,1,nan,(),75,8,1,auto,42,0,1,1,1,auto,1,None
fc_valid_lb_mm_0-1,0.9378199525533775,0.952836764090888,0.9378199525533775,0.9114587963374523,553.89089179039,binary:logistic,True,0.5,gbtree,1,1,1,False,0,-1,gain,,0.300000012,0,5,1,nan,(),100,8,1,auto,42,0,1,1,1,auto,1,None
fc_valid_lb_mm_0-10,0.9378266635462985,0.9549323287288963,0.9378266635462985,0.911540766720682,555.4082362651825,binary:logistic,True,0.5,gbtree,1,1,1,False,0,-1,gain,,0.300000012,0,5,1,nan,(),75,8,1,auto,42,0,1,1,1,auto,1,None
fc_valid_lb_mm_0-10,0.9379147733483237,0.9568214635055196,0.9379147733483237,0.9117620949844651,557.8931276798248,binary:logistic,True,0.5,gbtree,1,1,1,False,0,-1,gain,,0.300000012,0,5,1,nan,(),75,8,1,auto,42,0,1,1,1,auto,1,None
fc_valid_lb_mm_0-10,0.937680593518157,0.9559233773479635,0.937680593518157,0.9115495455553092,551.1362090110779,binary:logistic,True,0.5,gbtree,1,1,1,False,0,-1,gain,,0.300000012,0,5,1,nan,"(1,0)",75,8,1,auto,42,0,1,1,1,auto,1,None
fc_valid_lb_mm_0-100,0.9382505895397686,0.955197630287883,0.9382505895397686,0.912580145920849,546.779198884964,binary:logistic,True,0.5,gbtree,1,1,1,False,0,-1,gain,,0.300000012,0,5,1,nan,(),100,8,1,auto,42,0,1,1,1,auto,1,None
fc_valid_lb_mm_0-100,0.9385626629611703,0.9557094390481945,0.9385626629611703,0.9126778066262786,550.2952620983124,binary:logistic,True,0.5,gbtree,1,1,1,False,0,-1,gain,,0.300000012,0,5,1,nan,"(1,0)",75,8,1,auto,42,0,1,1,1,auto,1,None
fc_valid_lb_mm_0-100,0.9377818698210078,0.9545707656612529,0.9377818698210078,0.9116532606527953,550.8840065002441,binary:logistic,True,0.5,gbtree,1,1,1,False,0,-1,gain,,0.300000012,0,5,1,nan,"(1,0)",100,8,1,auto,42,0,1,1,1,auto,1,None
fc_valid_lb_mm_0-1000,0.9390837598302334,0.9581564584596726,0.9390837598302334,0.9132135870531745,567.542219877243,binary:logistic,True,0.5,gbtree,1,1,1,False,0,-1,gain,,0.300000012,0,5,1,nan,"(1,0)",75,8,1,auto,42,0,1,1,1,auto,1,None
fc_valid_lb_mm_0-1000,0.9354476214258959,0.9529296965754379,0.9354476214258959,0.9083982990786676,556.3872971534729,binary:logistic,True,0.5,gbtree,1,1,1,False,0,-1,gain,,0.300000012,0,5,1,nan,(),75,8,1,auto,42,0,1,1,1,auto,1,None
fc_valid_lb_mm_0-1000,0.9367078728850596,0.9565863397873428,0.9367078728850596,0.9104045604189223,551.3932189941406,binary:logistic,True,0.5,gbtree,1,1,1,False,0,-1,gain,,0.300000012,0,5,1,nan,"(1,0)",75,8,1,auto,42,0,1,1,1,auto,1,None
lr_valid_lb_none,0.9348789664473345,0.9514094739901191,0.9348789664473345,0.9283425492698142,1051.717269897461,binary:logistic,True,0.5,gbtree,1,1,1,False,0,-1,gain,,0.300000012,0,10,1,nan,"(1,0)",100,8,1,auto,42,0,1,1,1,auto,1,None
lr_valid_lb_none,0.9335790821368116,0.9470201245900367,0.9335790821368116,0.9266102081118031,1053.853223323822,binary:logistic,True,0.5,gbtree,1,1,1,False,0,-1,gain,,0.300000012,0,12,1,nan,(),100,8,1,auto,42,0,1,1,1,auto,1,None
lr_valid_lb_none,0.9349224756259932,0.9515438140833059,0.9349224756259932,0.9283674665758967,1065.3259055614471,binary:logistic,True,0.5,gbtree,1,1,1,False,0,-1,gain,,0.300000012,0,12,1,nan,"(1,0)",75,8,1,auto,42,0,1,1,1,auto,1,None
lr_valid_lb_std,0.9353183369291467,0.9516901654286989,0.9353183369291467,0.9287870614844468,1042.360990524292,binary:logistic,True,0.5,gbtree,1,1,1,False,0,-1,gain,,0.300000012,0,10,1,nan,(),100,8,1,auto,42,0,1,1,1,auto,1,None
lr_valid_lb_std,0.9355725217062718,0.9511737270915178,0.9355725217062718,0.9290939679779211,1053.9370563030243,binary:logistic,True,0.5,gbtree,1,1,1,False,0,-1,gain,,0.300000012,0,10,1,nan,"(1,0)",100,8,1,auto,42,0,1,1,1,auto,1,None
lr_valid_lb_std,0.9365549573684346,0.9552675990766425,0.9365549573684346,0.9302127900716857,1031.5400779247284,binary:logistic,True,0.5,gbtree,1,1,1,False,0,-1,gain,,0.300000012,0,9,1,nan,"(1,0)",100,8,1,auto,42,0,1,1,1,auto,1,None
lr_valid_lb_mm_0-1,0.9346113873929587,0.9483949850560882,0.9346113873929587,0.9277340598213523,1046.6161062717438,binary:logistic,True,0.5,gbtree,1,1,1,False,0,-1,gain,,0.300000012,0,12,1,nan,(),100,8,1,auto,42,0,1,1,1,auto,1,None
lr_valid_lb_mm_0-1,0.9331443542498818,0.9508460450061055,0.9331443542498818,0.9265040558278328,1047.7600688934326,binary:logistic,True,0.5,gbtree,1,1,1,False,0,-1,gain,,0.300000012,0,12,1,nan,"(1,0)",75,8,1,auto,42,0,1,1,1,auto,1,None
lr_valid_lb_mm_0-1,0.9332743803497686,0.9477912424019513,0.9332743803497686,0.92646697068897,1044.369113445282,binary:logistic,True,0.5,gbtree,1,1,1,False,0,-1,gain,,0.300000012,0,12,1,nan,"(1,0)",75,8,1,auto,42,0,1,1,1,auto,1,None
lr_valid_lb_mm_0-10,0.9349158194178262,0.9519363292244977,0.9349158194178262,0.9283206027392074,1048.2676434516907,binary:logistic,True,0.5,gbtree,1,1,1,False,0,-1,gain,,0.300000012,0,12,1,nan,"(1,0)",75,8,1,auto,42,0,1,1,1,auto,1,None
lr_valid_lb_mm_0-10,0.9349522983521249,0.9539508110936682,0.9349522983521249,0.9285491949404341,1044.5875566005707,binary:logistic,True,0.5,gbtree,1,1,1,False,0,-1,gain,,0.300000012,0,9,1,nan,(),100,8,1,auto,42,0,1,1,1,auto,1,None
lr_valid_lb_mm_0-10,0.935496340583445,0.9522046709952515,0.935496340583445,0.9290043208184027,1043.7341442108154,binary:logistic,True,0.5,gbtree,1,1,1,False,0,-1,gain,,0.300000012,0,10,1,nan,"(1,0)",100,8,1,auto,42,0,1,1,1,auto,1,None
lr_valid_lb_mm_0-100,0.9347939981620015,0.9530060993319779,0.9347939981620015,0.9283962726826874,1052.4456806182861,binary:logistic,True,0.5,gbtree,1,1,1,False,0,-1,gain,,0.300000012,0,12,1,nan,(),75,8,1,auto,42,0,1,1,1,auto,1,None
lr_valid_lb_mm_0-100,0.9352985625719143,0.9517652524001239,0.9352985625719143,0.9288338575165992,1035.0994865894318,binary:logistic,True,0.5,gbtree,1,1,1,False,0,-1,gain,,0.300000012,0,12,1,nan,"(1,0)",75,8,1,auto,42,0,1,1,1,auto,1,None
lr_valid_lb_mm_0-100,0.9338821647010246,0.9529091792132103,0.9338821647010246,0.9273452565508375,1043.5805158615112,binary:logistic,True,0.5,gbtree,1,1,1,False,0,-1,gain,,0.300000012,0,12,1,nan,(),75,8,1,auto,42,0,1,1,1,auto,1,None
lr_valid_lb_mm_0-1000,0.9352197854117809,0.9518930957683742,0.9352197854117809,0.9287529642961746,1073.1511437892914,binary:logistic,True,0.5,gbtree,1,1,1,False,0,-1,gain,,0.300000012,0,6,1,nan,"(1,0)",100,8,1,auto,42,0,1,1,1,auto,1,None
lr_valid_lb_mm_0-1000,0.9361312928324831,0.9501900845682365,0.9361312928324831,0.9294489294489294,1074.690467596054,binary:logistic,True,0.5,gbtree,1,1,1,False,0,-1,gain,,0.300000012,0,7,1,nan,"(1,0)",75,8,1,auto,42,0,1,1,1,auto,1,None
lr_valid_lb_mm_0-1000,0.935434274719989,0.9520392968342068,0.935434274719989,0.9290681764567115,1068.8736889362335,binary:logistic,True,0.5,gbtree,1,1,1,False,0,-1,gain,,0.300000012,0,5,1,nan,(),100,8,1,auto,42,0,1,1,1,auto,1,None
fc_valid_lb_none,0.9356706888746663,0.9575971731448764,0.9356706888746663,0.9090547966367268,468.9733862876892,binary:logistic,True,0.5,gbtree,1,1,1,False,0,-1,gain,,0.300000012,0,5,1,nan,(),100,8,1,auto,42,0,1,1,1,auto,1,None
fc_valid_lb_none,0.9376356849454136,0.9558598282664191,0.9376356849454136,0.9116221420508621,490.49963569641113,binary:logistic,True,0.5,gbtree,1,1,1,False,0,-1,gain,,0.300000012,0,4,1,nan,(),100,8,1,auto,42,0,1,1,1,auto,1,None
fc_valid_lb_none,0.9361270277443832,0.9513872751777664,0.9361270277443832,0.9091555081828882,489.8087418079376,binary:logistic,True,0.5,gbtree,1,1,1,False,0,-1,gain,,0.300000012,0,5,1,nan,(),100,8,1,auto,42,0,1,1,1,auto,1,None
fc_valid_lb_std,0.935472287275566,0.9525208712280211,0.935472287275566,0.9081126748037974,464.8868565559387,binary:logistic,True,0.5,gbtree,1,1,1,False,0,-1,gain,,0.300000012,0,5,1,nan,"(1,0)",100,8,1,auto,42,0,1,1,1,auto,1,None
fc_valid_lb_std,0.9352884224991411,0.9546639359523367,0.9352884224991411,0.9082455052696838,464.1534147262573,binary:logistic,True,0.5,gbtree,1,1,1,False,0,-1,gain,,0.300000012,0,5,1,nan,"(1,0)",100,8,1,auto,42,0,1,1,1,auto,1,None
fc_valid_lb_std,0.9356842910441936,0.9537582988996703,0.9356842910441936,0.9088616555324514,470.08756852149963,binary:logistic,True,0.5,gbtree,1,1,1,False,0,-1,gain,,0.300000012,0,5,1,nan,(),100,8,1,auto,42,0,1,1,1,auto,1,None
fc_valid_lb_mm_0-1,0.936855911560802,0.9547677831089579,0.936855911560802,0.910205169197975,467.88672947883606,binary:logistic,True,0.5,gbtree,1,1,1,False,0,-1,gain,,0.300000012,0,4,1,nan,(),75,8,1,auto,42,0,1,1,1,auto,1,None
fc_valid_lb_mm_0-1,0.9364239444314368,0.9562087861056934,0.9364239444314368,0.9099988951497072,471.4636483192444,binary:logistic,True,0.5,gbtree,1,1,1,False,0,-1,gain,,0.300000012,0,4,1,nan,"(1,0)",100,8,1,auto,42,0,1,1,1,auto,1,None
fc_valid_lb_mm_0-1,0.9355055372455913,0.9561068702290076,0.9355055372455913,0.9086726681559798,473.63944816589355,binary:logistic,True,0.5,gbtree,1,1,1,False,0,-1,gain,,0.300000012,0,5,1,nan,(),100,8,1,auto,42,0,1,1,1,auto,1,None
fc_valid_lb_mm_0-10,0.9380366565710182,0.9545538947172965,0.9380366565710182,0.9119858077392171,485.07695603370667,binary:logistic,True,0.5,gbtree,1,1,1,False,0,-1,gain,,0.300000012,0,5,1,nan,(),100,8,1,auto,42,0,1,1,1,auto,1,None
fc_valid_lb_mm_0-10,0.9365490955668718,0.9544098452358755,0.9365490955668718,0.9097533881359698,468.97053146362305,binary:logistic,True,0.5,gbtree,1,1,1,False,0,-1,gain,,0.300000012,0,4,1,nan,(),100,8,1,auto,42,0,1,1,1,auto,1,None
fc_valid_lb_mm_0-10,0.9353403182236935,0.9541920767189609,0.9353403182236935,0.9082530187216129,471.798926115036,binary:logistic,True,0.5,gbtree,1,1,1,False,0,-1,gain,,0.300000012,0,4,1,nan,"(1,0)",100,8,1,auto,42,0,1,1,1,auto,1,None
fc_valid_lb_mm_0-100,0.937111631537861,0.9599832097383517,0.937111631537861,0.9108731247510731,470.30730748176575,binary:logistic,True,0.5,gbtree,1,1,1,False,0,-1,gain,,0.300000012,0,5,1,nan,"(1,0)",100,8,1,auto,42,0,1,1,1,auto,1,None
fc_valid_lb_mm_0-100,0.9363562550746362,0.9551870312572787,0.9363562550746362,0.9095949962294283,475.4607493877411,binary:logistic,True,0.5,gbtree,1,1,1,False,0,-1,gain,,0.300000012,0,5,1,nan,(),100,8,1,auto,42,0,1,1,1,auto,1,None
fc_valid_lb_mm_0-100,0.9377039963768682,0.9570026844395075,0.9377039963768682,0.9120261120790419,483.3018033504486,binary:logistic,True,0.5,gbtree,1,1,1,False,0,-1,gain,,0.300000012,0,5,1,nan,(),100,8,1,auto,42,0,1,1,1,auto,1,None
fc_valid_lb_mm_0-1000,0.9392203088164119,0.9565581006365284,0.9392203088164119,0.913621336173423,476.2244248390198,binary:logistic,True,0.5,gbtree,1,1,1,False,0,-1,gain,,0.300000012,0,4,1,nan,"(1,0)",75,8,1,auto,42,0,1,1,1,auto,1,None
fc_valid_lb_mm_0-1000,0.9378171201973365,0.9583799403430275,0.9378171201973365,0.9117027644150834,492.2305097579956,binary:logistic,True,0.5,gbtree,1,1,1,False,0,-1,gain,,0.300000012,0,4,1,nan,"(1,0)",75,8,1,auto,42,0,1,1,1,auto,1,None
fc_valid_lb_mm_0-1000,0.9372620013733691,0.9557452335668228,0.9372620013733691,0.9111130765488877,480.8023455142975,binary:logistic,True,0.5,gbtree,1,1,1,False,0,-1,gain,,0.300000012,0,4,1,nan,(),75,8,1,auto,42,0,1,1,1,auto,1,None
lr_valid_lb_none,0.9343324906705188,0.9494603026955797,0.9343324906705188,0.9276984104442992,910.037428855896,binary:logistic,True,0.5,gbtree,1,1,1,False,0,-1,gain,,0.300000012,0,11,1,nan,"(1,0)",100,8,1,auto,42,0,1,1,1,auto,1,None
lr_valid_lb_none,0.9349517397726101,0.9507151439978294,0.9349517397726101,0.9283247386100203,907.7468981742859,binary:logistic,True,0.5,gbtree,1,1,1,False,0,-1,gain,,0.300000012,0,12,1,nan,(),75,8,1,auto,42,0,1,1,1,auto,1,None
lr_valid_lb_none,0.9346335006532352,0.9504917841969465,0.9346335006532352,0.927979544486008,901.7653391361237,binary:logistic,True,0.5,gbtree,1,1,1,False,0,-1,gain,,0.300000012,0,12,1,nan,"(1,0)",75,8,1,auto,42,0,1,1,1,auto,1,None
lr_valid_lb_std,0.9358552772793227,0.9526736205358874,0.9358552772793227,0.9293489053855974,886.6140871047974,binary:logistic,True,0.5,gbtree,1,1,1,False,0,-1,gain,,0.300000012,0,11,1,nan,(),100,8,1,auto,42,0,1,1,1,auto,1,None
lr_valid_lb_std,0.9336461529206521,0.9519271823933548,0.9336461529206521,0.9270357875239795,905.3091325759888,binary:logistic,True,0.5,gbtree,1,1,1,False,0,-1,gain,,0.300000012,0,12,1,nan,"(1,0)",75,8,1,auto,42,0,1,1,1,auto,1,None
lr_valid_lb_std,0.9354210124213472,0.9509055414886831,0.9354210124213472,0.9289726861599177,886.5275647640228,binary:logistic,True,0.5,gbtree,1,1,1,False,0,-1,gain,,0.300000012,0,12,1,nan,"(1,0)",75,8,1,auto,42,0,1,1,1,auto,1,None
lr_valid_lb_mm_0-1,0.9342407135307916,0.9497176347299578,0.9342407135307916,0.9274796501435625,946.2789397239685,binary:logistic,True,0.5,gbtree,1,1,1,False,0,-1,gain,,0.300000012,0,12,1,nan,"(1,0)",100,8,1,auto,42,0,1,1,1,auto,1,None
lr_valid_lb_mm_0-1,0.9351557806196893,0.9512081874286599,0.9351557806196893,0.9286517013098622,906.4786047935486,binary:logistic,True,0.5,gbtree,1,1,1,False,0,-1,gain,,0.300000012,0,11,1,nan,(),75,8,1,auto,42,0,1,1,1,auto,1,None
lr_valid_lb_mm_0-1,0.9356230182939927,0.9491637366693215,0.9356230182939927,0.928794099756691,904.5446903705597,binary:logistic,True,0.5,gbtree,1,1,1,False,0,-1,gain,,0.300000012,0,11,1,nan,"(1,0)",100,8,1,auto,42,0,1,1,1,auto,1,None
lr_valid_lb_mm_0-10,0.9335338862864756,0.9503795305857001,0.9335338862864756,0.9268006398909535,925.313627243042,binary:logistic,True,0.5,gbtree,1,1,1,False,0,-1,gain,,0.300000012,0,10,1,nan,"(1,0)",100,8,1,auto,42,0,1,1,1,auto,1,None
lr_valid_lb_mm_0-10,0.9338709538900196,0.9502968222558491,0.9338709538900196,0.9271302570314569,912.4409029483795,binary:logistic,True,0.5,gbtree,1,1,1,False,0,-1,gain,,0.300000012,0,11,1,nan,"(1,0)",100,8,1,auto,42,0,1,1,1,auto,1,None
lr_valid_lb_mm_0-10,0.9345326520973767,0.9485145826869377,0.9345326520973767,0.9277003319108583,911.0821886062622,binary:logistic,True,0.5,gbtree,1,1,1,False,0,-1,gain,,0.300000012,0,11,1,nan,"(1,0)",100,8,1,auto,42,0,1,1,1,auto,1,None
lr_valid_lb_mm_0-100,0.9347322348094748,0.9501530473865706,0.9347322348094748,0.9280476843748521,958.8717391490936,binary:logistic,True,0.5,gbtree,1,1,1,False,0,-1,gain,,0.300000012,0,11,1,nan,"(1,0)",100,8,1,auto,42,0,1,1,1,auto,1,None
lr_valid_lb_mm_0-100,0.9348468703811913,0.9479468012814289,0.9348468703811913,0.9279483037156704,917.1898713111877,binary:logistic,True,0.5,gbtree,1,1,1,False,0,-1,gain,,0.300000012,0,12,1,nan,"(1,0)",100,8,1,auto,42,0,1,1,1,auto,1,None
lr_valid_lb_mm_0-100,0.9336500627158543,0.9507685755217408,0.9336500627158543,0.9271036858747465,910.2358300685883,binary:logistic,True,0.5,gbtree,1,1,1,False,0,-1,gain,,0.300000012,0,10,1,nan,"(1,0)",100,8,1,auto,42,0,1,1,1,auto,1,None
lr_valid_lb_mm_0-1000,0.9353220583561668,0.9530609878642653,0.9353220583561668,0.9290746741014242,939.230494260788,binary:logistic,True,0.5,gbtree,1,1,1,False,0,-1,gain,,0.300000012,0,5,1,nan,(),100,8,1,auto,42,0,1,1,1,auto,1,None
lr_valid_lb_mm_0-1000,0.9355936573417558,0.9542686474535511,0.9355936573417558,0.9292364639005875,940.015593290329,binary:logistic,True,0.5,gbtree,1,1,1,False,0,-1,gain,,0.300000012,0,5,1,nan,(),100,8,1,auto,42,0,1,1,1,auto,1,None
lr_valid_lb_mm_0-1000,0.9357201745044829,0.9556068422481673,0.9357201745044829,0.9294074374475388,950.4874677658081,binary:logistic,True,0.5,gbtree,1,1,1,False,0,-1,gain,,0.300000012,0,4,1,nan,"(1,0)",100,8,1,auto,42,0,1,1,1,auto,1,None
fc_valid_lb_none,0.9375546533416614,0.9543549138332557,0.9375546533416614,0.9110918428600014,516.3819522857666,binary:logistic,True,0.5,gbtree,1,1,1,False,0,-1,gain,,0.300000012,0,5,1,nan,"(1,0)",150,8,1,auto,42,0,1,1,1,auto,1,None
fc_valid_lb_none,0.9380434273582992,0.9572252185233402,0.9380434273582992,0.912083287185735,525.8485643863678,binary:logistic,True,0.5,gbtree,1,1,1,False,0,-1,gain,,0.300000012,0,5,1,nan,"(1,0)",100,8,1,auto,42,0,1,1,1,auto,1,None
fc_valid_lb_none,0.9384432894757379,0.9561867632043071,0.9384432894757379,0.9126428634712501,507.29646730422974,binary:logistic,True,0.5,gbtree,1,1,1,False,0,-1,gain,,0.300000012,0,5,1,nan,(),100,8,1,auto,42,0,1,1,1,auto,1,None
fc_valid_lb_std,0.935580044955045,0.9545835272219637,0.935580044955045,0.9086036983722733,500.1613302230835,binary:logistic,True,0.5,gbtree,1,1,1,False,0,-1,gain,,0.300000012,0,5,1,nan,"(1,0)",150,8,1,auto,42,0,1,1,1,auto,1,None
fc_valid_lb_std,0.937140984015984,0.9547696603071196,0.937140984015984,0.9106362204025475,498.6060712337494,binary:logistic,True,0.5,gbtree,1,1,1,False,0,-1,gain,,0.300000012,0,5,1,nan,"(1,0)",150,8,1,auto,42,0,1,1,1,auto,1,None
fc_valid_lb_std,0.9378171201973365,0.9561428038777032,0.9378171201973365,0.9115144513807123,509.4580035209656,binary:logistic,True,0.5,gbtree,1,1,1,False,0,-1,gain,,0.300000012,0,5,1,nan,"(1,0)",150,8,1,auto,42,0,1,1,1,auto,1,None
fc_valid_lb_mm_0-1,0.9360565887478334,0.9567283059294797,0.9360565887478334,0.9093525179856116,506.53241181373596,binary:logistic,True,0.5,gbtree,1,1,1,False,0,-1,gain,,0.300000012,0,5,1,nan,(),125,8,1,auto,42,0,1,1,1,auto,1,None
fc_valid_lb_mm_0-1,0.9388351030605872,0.9567303213786679,0.9388351030605872,0.912953621191582,508.222793340683,binary:logistic,True,0.5,gbtree,1,1,1,False,0,-1,gain,,0.300000012,0,5,1,nan,"(1,0)",125,8,1,auto,42,0,1,1,1,auto,1,None
fc_valid_lb_mm_0-1,0.937212314125669,0.9547183817388883,0.937212314125669,0.9109340416113325,510.1362326145172,binary:logistic,True,0.5,gbtree,1,1,1,False,0,-1,gain,,0.300000012,0,5,1,nan,"(1,0)",100,8,1,auto,42,0,1,1,1,auto,1,None
fc_valid_lb_mm_0-10,0.9369879687280558,0.9565278101000698,0.9369879687280558,0.910544971200709,506.2973597049713,binary:logistic,True,0.5,gbtree,1,1,1,False,0,-1,gain,,0.300000012,0,5,1,nan,(),100,8,1,auto,42,0,1,1,1,auto,1,None
fc_valid_lb_mm_0-10,0.9373633922438019,0.9525890118062657,0.9373633922438019,0.9108444444444445,507.00552010536194,binary:logistic,True,0.5,gbtree,1,1,1,False,0,-1,gain,,0.300000012,0,5,1,nan,(),125,8,1,auto,42,0,1,1,1,auto,1,None
fc_valid_lb_mm_0-10,0.9351746319224344,0.9501324534089325,0.9351746319224344,0.9078152753108348,516.9897744655609,binary:logistic,True,0.5,gbtree,1,1,1,False,0,-1,gain,,0.300000012,0,5,1,nan,"(1,0)",150,8,1,auto,42,0,1,1,1,auto,1,None
fc_valid_lb_mm_0-100,0.9392959770114943,0.9553853296193129,0.9392959770114943,0.9137085137085137,520.5825853347778,binary:logistic,True,0.5,gbtree,1,1,1,False,0,-1,gain,,0.300000012,0,5,1,nan,"(1,0)",150,8,1,auto,42,0,1,1,1,auto,1,None
fc_valid_lb_mm_0-100,0.9380305867665418,0.9553036286762998,0.9380305867665418,0.9119375512829043,519.3143000602722,binary:logistic,True,0.5,gbtree,1,1,1,False,0,-1,gain,,0.300000012,0,5,1,nan,"(1,0)",75,8,1,auto,42,0,1,1,1,auto,1,None
fc_valid_lb_mm_0-100,0.9378277972027972,0.9530944625407166,0.9378277972027972,0.9113845195452421,514.0231034755707,binary:logistic,True,0.5,gbtree,1,1,1,False,0,-1,gain,,0.300000012,0,5,1,nan,"(1,0)",75,8,1,auto,42,0,1,1,1,auto,1,None
fc_valid_lb_mm_0-1000,0.9354244406626177,0.9544081423990334,0.9354244406626177,0.9085117678287028,513.8300607204437,binary:logistic,True,0.5,gbtree,1,1,1,False,0,-1,gain,,0.300000012,0,5,1,nan,"(1,0)",50,8,1,auto,42,0,1,1,1,auto,1,None
fc_valid_lb_mm_0-1000,0.936300065557394,0.9563032249057657,0.936300065557394,0.9096744206635532,517.2833456993103,binary:logistic,True,0.5,gbtree,1,1,1,False,0,-1,gain,,0.300000012,0,5,1,nan,"(1,0)",50,8,1,auto,42,0,1,1,1,auto,1,None
fc_valid_lb_mm_0-1000,0.936441273360291,0.9550713190540352,0.936441273360291,0.9098997410530509,509.3790559768677,binary:logistic,True,0.5,gbtree,1,1,1,False,0,-1,gain,,0.300000012,0,5,1,nan,"(1,0)",50,8,1,auto,42,0,1,1,1,auto,1,None
lr_valid_lb_none,0.9350544505135868,0.9571403648205943,0.9350544505135868,0.9288710800082773,974.004508972168,binary:logistic,True,0.5,gbtree,1,1,1,False,0,-1,gain,,0.300000012,0,5,1,nan,(),150,8,1,auto,42,0,1,1,1,auto,1,None
lr_valid_lb_none,0.9343096450192625,0.9493987587276959,0.9343096450192625,0.9276205455699681,979.5562553405762,binary:logistic,True,0.5,gbtree,1,1,1,False,0,-1,gain,,0.300000012,0,11,1,nan,"(1,0)",100,8,1,auto,42,0,1,1,1,auto,1,None
lr_valid_lb_none,0.9354932891381073,0.9522157846803728,0.9354932891381073,0.9289940828402368,983.6741874217987,binary:logistic,True,0.5,gbtree,1,1,1,False,0,-1,gain,,0.300000012,0,11,1,nan,"(1,0)",75,8,1,auto,42,0,1,1,1,auto,1,None
lr_valid_lb_std,0.934484802157501,0.9493465001452221,0.934484802157501,0.9278239312680959,950.3896715641022,binary:logistic,True,0.5,gbtree,1,1,1,False,0,-1,gain,,0.300000012,0,11,1,nan,"(1,0)",100,8,1,auto,42,0,1,1,1,auto,1,None
lr_valid_lb_std,0.9350124431476873,0.9499574105621805,0.9350124431476873,0.9283639975405572,983.8382227420807,binary:logistic,True,0.5,gbtree,1,1,1,False,0,-1,gain,,0.300000012,0,11,1,nan,(),100,8,1,auto,42,0,1,1,1,auto,1,None
lr_valid_lb_std,0.9362727413286606,0.9507433140550402,0.9362727413286606,0.9296076663978367,957.5762915611267,binary:logistic,True,0.5,gbtree,1,1,1,False,0,-1,gain,,0.300000012,0,11,1,nan,(),100,8,1,auto,42,0,1,1,1,auto,1,None
lr_valid_lb_mm_0-1,0.9338919685445404,0.9487234290599619,0.9338919685445404,0.9269834640138211,976.0551953315735,binary:logistic,True,0.5,gbtree,1,1,1,False,0,-1,gain,,0.300000012,0,11,1,nan,"(1,0)",100,8,1,auto,42,0,1,1,1,auto,1,None
lr_valid_lb_mm_0-1,0.9349210982708588,0.9496673584576294,0.9349210982708588,0.9281543827722173,958.1804759502411,binary:logistic,True,0.5,gbtree,1,1,1,False,0,-1,gain,,0.300000012,0,11,1,nan,"(1,0)",100,8,1,auto,42,0,1,1,1,auto,1,None
lr_valid_lb_mm_0-1,0.9343282043351633,0.9507838203986839,0.9343282043351633,0.9278173336606924,976.2969920635223,binary:logistic,True,0.5,gbtree,1,1,1,False,0,-1,gain,,0.300000012,0,11,1,nan,(),100,8,1,auto,42,0,1,1,1,auto,1,None
lr_valid_lb_mm_0-10,0.9353300922506056,0.9502230843840931,0.9353300922506056,0.9286330416978681,959.827134847641,binary:logistic,True,0.5,gbtree,1,1,1,False,0,-1,gain,,0.300000012,0,11,1,nan,"(1,0)",100,8,1,auto,42,0,1,1,1,auto,1,None
lr_valid_lb_mm_0-10,0.935606353460643,0.9483489880894742,0.935606353460643,0.9289020411260338,961.2774729728699,binary:logistic,True,0.5,gbtree,1,1,1,False,0,-1,gain,,0.300000012,0,11,1,nan,"(1,0)",125,8,1,auto,42,0,1,1,1,auto,1,None
lr_valid_lb_mm_0-10,0.9353482373172829,0.9526220825330307,0.9353482373172829,0.9288788414789872,957.4146709442139,binary:logistic,True,0.5,gbtree,1,1,1,False,0,-1,gain,,0.300000012,0,11,1,nan,(),75,8,1,auto,42,0,1,1,1,auto,1,None
lr_valid_lb_mm_0-100,0.9357358697891628,0.9496857785708744,0.9357358697891628,0.9289820700123328,958.2897441387177,binary:logistic,True,0.5,gbtree,1,1,1,False,0,-1,gain,,0.300000012,0,11,1,nan,(),100,8,1,auto,42,0,1,1,1,auto,1,None
lr_valid_lb_mm_0-100,0.9347011719421247,0.9533605558028371,0.9347011719421247,0.9283870116653788,967.7294933795929,binary:logistic,True,0.5,gbtree,1,1,1,False,0,-1,gain,,0.300000012,0,11,1,nan,(),75,8,1,auto,42,0,1,1,1,auto,1,None
lr_valid_lb_mm_0-100,0.9358573270305114,0.9526457538121719,0.9358573270305114,0.9294592474266756,962.1232767105103,binary:logistic,True,0.5,gbtree,1,1,1,False,0,-1,gain,,0.300000012,0,11,1,nan,(),75,8,1,auto,42,0,1,1,1,auto,1,None
lr_valid_lb_mm_0-1000,0.9354788837640754,0.9539649885494702,0.9354788837640754,0.9290115290115291,986.1482446193695,binary:logistic,True,0.5,gbtree,1,1,1,False,0,-1,gain,,0.300000012,0,5,1,nan,(),125,8,1,auto,42,0,1,1,1,auto,1,None
lr_valid_lb_mm_0-1000,0.9358932527347976,0.9528360287858856,0.9358932527347976,0.9295487572423424,989.0620927810669,binary:logistic,True,0.5,gbtree,1,1,1,False,0,-1,gain,,0.300000012,0,5,1,nan,(),100,8,1,auto,42,0,1,1,1,auto,1,None
lr_valid_lb_mm_0-1000,0.9352116545193885,0.9524934179959733,0.9352116545193885,0.9287689592358731,976.8520197868347,binary:logistic,True,0.5,gbtree,1,1,1,False,0,-1,gain,,0.300000012,0,5,1,nan,(),125,8,1,auto,42,0,1,1,1,auto,1,None
fc_valid_lb_none,0.9370279043635683,0.9553741244143433,0.9370279043635683,0.9107794361525704,69.18370723724365,binary:logistic,True,0.5,gbtree,1,1,1,False,0,-1,None,,0.300000012,0,6,1,nan,(),100,8,1,auto,42,0,1,1,1,exact,1,None
fc_valid_lb_none,0.938746838999719,0.9559227367931115,0.938746838999719,0.9128000000000001,62.106932401657104,binary:logistic,True,0.5,gbtree,1,1,1,False,0,-1,None,,0.300000012,0,6,1,nan,(),100,8,1,auto,42,0,1,1,1,exact,1,None
fc_valid_lb_none,0.936651725053493,0.9559526572290554,0.936651725053493,0.9103606789250354,62.638412952423096,binary:logistic,True,0.5,gbtree,1,1,1,False,0,-1,None,,0.300000012,0,6,1,nan,(),100,8,1,auto,42,0,1,1,1,exact,1,None
fc_valid_lb_none,0.9362950937387802,0.9542030872233588,0.9362950937387802,0.9095663350100827,62.43726444244385,binary:logistic,True,0.5,gbtree,1,1,1,False,0,-1,None,,0.300000012,0,6,1,nan,(),100,8,1,auto,42,0,1,1,1,exact,1,None
fc_valid_lb_none,0.9369905368687342,0.9540588344814745,0.9369905368687342,0.9103910813031602,62.40380048751831,binary:logistic,True,0.5,gbtree,1,1,1,False,0,-1,None,,0.300000012,0,6,1,nan,(),100,8,1,auto,42,0,1,1,1,exact,1,None
fc_valid_lb_std,0.935343953317835,0.9519491446199869,0.935343953317835,0.907656653890721,63.57998204231262,binary:logistic,True,0.5,gbtree,1,1,1,False,0,-1,None,,0.300000012,0,6,1,nan,(),100,8,1,auto,42,0,1,1,1,exact,1,None
fc_valid_lb_std,0.9348277423081126,0.9553654454156593,0.9348277423081126,0.9077776059729187,63.52885603904724,binary:logistic,True,0.5,gbtree,1,1,1,False,0,-1,None,,0.300000012,0,6,1,nan,(),100,8,1,auto,42,0,1,1,1,exact,1,None
fc_valid_lb_std,0.936730201845174,0.9510190816658155,0.936730201845174,0.9099753448390752,62.871028661727905,binary:logistic,True,0.5,gbtree,1,1,1,False,0,-1,None,,0.300000012,0,6,1,nan,(),100,8,1,auto,42,0,1,1,1,exact,1,None
fc_valid_lb_std,0.9345595927736052,0.9516782272706112,0.9345595927736052,0.9070257559287441,63.331981897354126,binary:logistic,True,0.5,gbtree,1,1,1,False,0,-1,None,,0.300000012,0,6,1,nan,(),100,8,1,auto,42,0,1,1,1,exact,1,None
fc_valid_lb_std,0.9352970559770223,0.9527715980719318,0.9352970559770223,0.9084160056563336,62.57563591003418,binary:logistic,True,0.5,gbtree,1,1,1,False,0,-1,None,,0.300000012,0,6,1,nan,(),100,8,1,auto,42,0,1,1,1,exact,1,None
fc_valid_lb_mm_0-1,0.9365525424258037,0.9528249373782355,0.9365525424258037,0.9099809506933061,63.2933828830719,binary:logistic,True,0.5,gbtree,1,1,1,False,0,-1,None,,0.300000012,0,6,1,nan,(),100,8,1,auto,42,0,1,1,1,exact,1,None
fc_valid_lb_mm_0-1,0.9336789668472915,0.9492592592592592,0.9336789668472915,0.9061540161308143,63.352635622024536,binary:logistic,True,0.5,gbtree,1,1,1,False,0,-1,None,,0.300000012,0,6,1,nan,(),100,8,1,auto,42,0,1,1,1,exact,1,None
fc_valid_lb_mm_0-1,0.9366928494464138,0.9545833333333333,0.9366928494464138,0.9104919191027113,63.47815656661987,binary:logistic,True,0.5,gbtree,1,1,1,False,0,-1,None,,0.300000012,0,6,1,nan,(),100,8,1,auto,42,0,1,1,1,exact,1,None
fc_valid_lb_mm_0-1,0.9370229901203353,0.9524719258189274,0.9370229901203353,0.9101676425406862,63.706483125686646,binary:logistic,True,0.5,gbtree,1,1,1,False,0,-1,None,,0.300000012,0,6,1,nan,(),100,8,1,auto,42,0,1,1,1,exact,1,None
fc_valid_lb_mm_0-1,0.9373955942734923,0.9568885160328113,0.9373955942734923,0.9110312389066383,62.45941185951233,binary:logistic,True,0.5,gbtree,1,1,1,False,0,-1,None,,0.300000012,0,6,1,nan,(),100,8,1,auto,42,0,1,1,1,exact,1,None
fc_valid_lb_mm_0-10,0.9372706404110124,0.9525,0.9372706404110124,0.9110594486881434,63.18600845336914,binary:logistic,True,0.5,gbtree,1,1,1,False,0,-1,None,,0.300000012,0,6,1,nan,(),100,8,1,auto,42,0,1,1,1,exact,1,None
fc_valid_lb_mm_0-10,0.9377714589257257,0.9540985134442425,0.9377714589257257,0.9113529634328192,63.52581858634949,binary:logistic,True,0.5,gbtree,1,1,1,False,0,-1,None,,0.300000012,0,6,1,nan,(),100,8,1,auto,42,0,1,1,1,exact,1,None
fc_valid_lb_mm_0-10,0.9376629052145277,0.9547943933908846,0.9376629052145277,0.9115157960033674,63.51353931427002,binary:logistic,True,0.5,gbtree,1,1,1,False,0,-1,None,,0.300000012,0,6,1,nan,(),100,8,1,auto,42,0,1,1,1,exact,1,None
fc_valid_lb_mm_0-10,0.9364382962777916,0.9523278505715083,0.9364382962777916,0.9096598095998936,64.07873487472534,binary:logistic,True,0.5,gbtree,1,1,1,False,0,-1,None,,0.300000012,0,6,1,nan,(),100,8,1,auto,42,0,1,1,1,exact,1,None
fc_valid_lb_mm_0-10,0.9375400234283483,0.9513669332341455,0.9375400234283483,0.9109810119537877,62.954951763153076,binary:logistic,True,0.5,gbtree,1,1,1,False,0,-1,None,,0.300000012,0,6,1,nan,(),100,8,1,auto,42,0,1,1,1,exact,1,None
fc_valid_lb_mm_0-100,0.9384797951408407,0.9564447757022406,0.9384797951408407,0.9124522264687585,63.61457324028015,binary:logistic,True,0.5,gbtree,1,1,1,False,0,-1,None,,0.300000012,0,6,1,nan,(),100,8,1,auto,42,0,1,1,1,exact,1,None
fc_valid_lb_mm_0-100,0.9358590115825294,0.9531300907609961,0.9358590115825294,0.9088205924775324,65.07511949539185,binary:logistic,True,0.5,gbtree,1,1,1,False,0,-1,None,,0.300000012,0,6,1,nan,(),100,8,1,auto,42,0,1,1,1,exact,1,None
fc_valid_lb_mm_0-100,0.9375,0.9552815262912983,0.9375,0.9111446451555635,64.03437185287476,binary:logistic,True,0.5,gbtree,1,1,1,False,0,-1,None,,0.300000012,0,6,1,nan,(),100,8,1,auto,42,0,1,1,1,exact,1,None
fc_valid_lb_mm_0-100,0.937883351801851,0.9528218489740846,0.937883351801851,0.9114335306422181,63.49921011924744,binary:logistic,True,0.5,gbtree,1,1,1,False,0,-1,None,,0.300000012,0,6,1,nan,(),100,8,1,auto,42,0,1,1,1,exact,1,None
fc_valid_lb_mm_0-100,0.9367650044509691,0.9537785670888442,0.9367650044509691,0.9097514766521787,66.75462436676025,binary:logistic,True,0.5,gbtree,1,1,1,False,0,-1,None,,0.300000012,0,6,1,nan,(),100,8,1,auto,42,0,1,1,1,exact,1,None
fc_valid_lb_mm_0-1000,0.9386579674403359,0.954199182460052,0.9386579674403359,0.9126938285866618,64.04011559486389,binary:logistic,True,0.5,gbtree,1,1,1,False,0,-1,None,,0.300000012,0,6,1,nan,(),100,8,1,auto,42,0,1,1,1,exact,1,None
fc_valid_lb_mm_0-1000,0.9391072181366809,0.9562135695966426,0.9391072181366809,0.9131635197719986,63.970091581344604,binary:logistic,True,0.5,gbtree,1,1,1,False,0,-1,None,,0.300000012,0,6,1,nan,(),100,8,1,auto,42,0,1,1,1,exact,1,None
fc_valid_lb_mm_0-1000,0.936180841763457,0.9537348272642391,0.936180841763457,0.9090464112490545,63.5304970741272,binary:logistic,True,0.5,gbtree,1,1,1,False,0,-1,None,,0.300000012,0,6,1,nan,(),100,8,1,auto,42,0,1,1,1,exact,1,None
fc_valid_lb_mm_0-1000,0.9393873153670799,0.9542663068763376,0.9393873153670799,0.9135489043292356,63.86437726020813,binary:logistic,True,0.5,gbtree,1,1,1,False,0,-1,None,,0.300000012,0,6,1,nan,(),100,8,1,auto,42,0,1,1,1,exact,1,None
fc_valid_lb_mm_0-1000,0.9384408770066838,0.9553351031624051,0.9384408770066838,0.9123337632878175,64.16065192222595,binary:logistic,True,0.5,gbtree,1,1,1,False,0,-1,None,,0.300000012,0,6,1,nan,(),100,8,1,auto,42,0,1,1,1,exact,1,None
lr_valid_lb_none,0.9331001349342088,0.9559680049701017,0.9331001349342088,0.9267484754949935,126.76155138015747,binary:logistic,True,0.5,gbtree,1,1,1,False,0,-1,None,,0.300000012,0,6,1,nan,(),100,8,1,auto,42,0,1,1,1,exact,1,None
lr_valid_lb_none,0.9322535162832285,0.9569144699780493,0.9322535162832285,0.925941241705983,124.93032145500183,binary:logistic,True,0.5,gbtree,1,1,1,False,0,-1,None,,0.300000012,0,6,1,nan,(),100,8,1,auto,42,0,1,1,1,exact,1,None
lr_valid_lb_none,0.9334237614072439,0.958582399938096,0.9334237614072439,0.9274277318709702,125.97321724891663,binary:logistic,True,0.5,gbtree,1,1,1,False,0,-1,None,,0.300000012,0,6,1,nan,(),100,8,1,auto,42,0,1,1,1,exact,1,None
lr_valid_lb_none,0.9334960551420665,0.9570366343745753,0.9334960551420665,0.9272265588262953,125.98721504211426,binary:logistic,True,0.5,gbtree,1,1,1,False,0,-1,None,,0.300000012,0,6,1,nan,(),100,8,1,auto,42,0,1,1,1,exact,1,None
lr_valid_lb_none,0.9337094378182506,0.9574959261271049,0.9337094378182506,0.9274667869289889,124.35621047019958,binary:logistic,True,0.5,gbtree,1,1,1,False,0,-1,None,,0.300000012,0,6,1,nan,(),100,8,1,auto,42,0,1,1,1,exact,1,None
lr_valid_lb_std,0.9326048297724285,0.9610117546650114,0.9326048297724285,0.9266363049760129,123.67048335075378,binary:logistic,True,0.5,gbtree,1,1,1,False,0,-1,None,,0.300000012,0,6,1,nan,(),100,8,1,auto,42,0,1,1,1,exact,1,None
lr_valid_lb_std,0.9335075743246729,0.9609067463010723,0.9335075743246729,0.9276113815050542,125.19833993911743,binary:logistic,True,0.5,gbtree,1,1,1,False,0,-1,None,,0.300000012,0,6,1,nan,(),100,8,1,auto,42,0,1,1,1,exact,1,None
lr_valid_lb_std,0.9312286674748308,0.9637594043279298,0.9312286674748308,0.9255248824542618,124.50011372566223,binary:logistic,True,0.5,gbtree,1,1,1,False,0,-1,None,,0.300000012,0,6,1,nan,(),100,8,1,auto,42,0,1,1,1,exact,1,None
lr_valid_lb_std,0.9327057571674976,0.9639948813401582,0.9327057571674976,0.9269015659955258,123.9031822681427,binary:logistic,True,0.5,gbtree,1,1,1,False,0,-1,None,,0.300000012,0,6,1,nan,(),100,8,1,auto,42,0,1,1,1,exact,1,None
lr_valid_lb_std,0.931101465469079,0.9621051814175613,0.931101465469079,0.9251778146993486,123.75768733024597,binary:logistic,True,0.5,gbtree,1,1,1,False,0,-1,None,,0.300000012,0,6,1,nan,(),100,8,1,auto,42,0,1,1,1,exact,1,None
lr_valid_lb_mm_0-1,0.9333533860433139,0.9574001474983503,0.9333533860433139,0.9271263050076585,127.27587246894836,binary:logistic,True,0.5,gbtree,1,1,1,False,0,-1,None,,0.300000012,0,6,1,nan,(),100,8,1,auto,42,0,1,1,1,exact,1,None
lr_valid_lb_mm_0-1,0.9336709730031332,0.9567793656326246,0.9336709730031332,0.9274780143974021,128.37708353996277,binary:logistic,True,0.5,gbtree,1,1,1,False,0,-1,None,,0.300000012,0,6,1,nan,(),100,8,1,auto,42,0,1,1,1,exact,1,None
lr_valid_lb_mm_0-1,0.9334844854387275,0.9574917210527335,0.9334844854387275,0.9273649757570642,127.43475127220154,binary:logistic,True,0.5,gbtree,1,1,1,False,0,-1,None,,0.300000012,0,6,1,nan,(),100,8,1,auto,42,0,1,1,1,exact,1,None
lr_valid_lb_mm_0-1,0.9345259576223127,0.9589282600693569,0.9345259576223127,0.9285272103100906,127.84875345230103,binary:logistic,True,0.5,gbtree,1,1,1,False,0,-1,None,,0.300000012,0,6,1,nan,(),100,8,1,auto,42,0,1,1,1,exact,1,None
lr_valid_lb_mm_0-1,0.933684246681207,0.9589656240322081,0.933684246681207,0.9276947130913483,128.16761565208435,binary:logistic,True,0.5,gbtree,1,1,1,False,0,-1,None,,0.300000012,0,6,1,nan,(),100,8,1,auto,42,0,1,1,1,exact,1,None
lr_valid_lb_mm_0-10,0.9336081411825325,0.958338982394298,0.9336081411825325,0.9275384053012906,127.71989488601685,binary:logistic,True,0.5,gbtree,1,1,1,False,0,-1,None,,0.300000012,0,6,1,nan,(),100,8,1,auto,42,0,1,1,1,exact,1,None
lr_valid_lb_mm_0-10,0.9344512849574543,0.9574208065798917,0.9344512849574543,0.9282154476896168,129.82776284217834,binary:logistic,True,0.5,gbtree,1,1,1,False,0,-1,None,,0.300000012,0,6,1,nan,(),100,8,1,auto,42,0,1,1,1,exact,1,None
lr_valid_lb_mm_0-10,0.9344263703042067,0.9584490223870454,0.9344263703042067,0.9282161694606106,129.0067229270935,binary:logistic,True,0.5,gbtree,1,1,1,False,0,-1,None,,0.300000012,0,6,1,nan,(),100,8,1,auto,42,0,1,1,1,exact,1,None
lr_valid_lb_mm_0-10,0.9347450710880116,0.9589621084115054,0.9347450710880116,0.9285741151690677,131.6620795726776,binary:logistic,True,0.5,gbtree,1,1,1,False,0,-1,None,,0.300000012,0,6,1,nan,(),100,8,1,auto,42,0,1,1,1,exact,1,None
lr_valid_lb_mm_0-10,0.9328500506759658,0.9591812978950431,0.9328500506759658,0.9267291471415181,127.95256900787354,binary:logistic,True,0.5,gbtree,1,1,1,False,0,-1,None,,0.300000012,0,6,1,nan,(),100,8,1,auto,42,0,1,1,1,exact,1,None
lr_valid_lb_mm_0-100,0.9330009027210592,0.9581781502172564,0.9330009027210592,0.9268846460571374,126.53926682472229,binary:logistic,True,0.5,gbtree,1,1,1,False,0,-1,None,,0.300000012,0,6,1,nan,(),100,8,1,auto,42,0,1,1,1,exact,1,None
lr_valid_lb_mm_0-100,0.9344517170884228,0.9579241547956372,0.9344517170884228,0.9282443322331614,126.33594274520874,binary:logistic,True,0.5,gbtree,1,1,1,False,0,-1,None,,0.300000012,0,6,1,nan,(),100,8,1,auto,42,0,1,1,1,exact,1,None
lr_valid_lb_mm_0-100,0.934124527003784,0.9604766787255035,0.934124527003784,0.9283817644638916,126.48026061058044,binary:logistic,True,0.5,gbtree,1,1,1,False,0,-1,None,,0.300000012,0,6,1,nan,(),100,8,1,auto,42,0,1,1,1,exact,1,None
lr_valid_lb_mm_0-100,0.9340269425066153,0.9581490104772992,0.9340269425066153,0.9278594579360234,126.94644069671631,binary:logistic,True,0.5,gbtree,1,1,1,False,0,-1,None,,0.300000012,0,6,1,nan,(),100,8,1,auto,42,0,1,1,1,exact,1,None
lr_valid_lb_mm_0-100,0.9335876092054738,0.9561150382492496,0.9335876092054738,0.9273873146174005,126.37358093261719,binary:logistic,True,0.5,gbtree,1,1,1,False,0,-1,None,,0.300000012,0,6,1,nan,(),100,8,1,auto,42,0,1,1,1,exact,1,None
lr_valid_lb_mm_0-1000,0.9351738012741702,0.9523652258377854,0.9351738012741702,0.9285890174833784,128.3143379688263,binary:logistic,True,0.5,gbtree,1,1,1,False,0,-1,None,,0.300000012,0,6,1,nan,(),100,8,1,auto,42,0,1,1,1,exact,1,None
lr_valid_lb_mm_0-1000,0.9346031964136959,0.9505596653627174,0.9346031964136959,0.9280143687668384,128.15314483642578,binary:logistic,True,0.5,gbtree,1,1,1,False,0,-1,None,,0.300000012,0,6,1,nan,(),100,8,1,auto,42,0,1,1,1,exact,1,None
lr_valid_lb_mm_0-1000,0.9340038305949446,0.9511666182592701,0.9340038305949446,0.9274615311998489,128.51594185829163,binary:logistic,True,0.5,gbtree,1,1,1,False,0,-1,None,,0.300000012,0,6,1,nan,(),100,8,1,auto,42,0,1,1,1,exact,1,None
lr_valid_lb_mm_0-1000,0.9358982074538967,0.9515828677839852,0.9358982074538967,0.9293725371324645,127.89786696434021,binary:logistic,True,0.5,gbtree,1,1,1,False,0,-1,None,,0.300000012,0,6,1,nan,(),100,8,1,auto,42,0,1,1,1,exact,1,None
lr_valid_lb_mm_0-1000,0.9348597448344002,0.9521275562719699,0.9348597448344002,0.9282238673154477,128.79363012313843,binary:logistic,True,0.5,gbtree,1,1,1,False,0,-1,None,,0.300000012,0,6,1,nan,(),100,8,1,auto,42,0,1,1,1,exact,1,None
